{
  "timestamp": 1770142653,
  "database": "masterwalletsdb.db",
  "mode": "replace",
  "filter_stats": {
    "total_swaps": 319343,
    "qualifying_rows": 319343,
    "filtered_out": 0,
    "invalid_sol_direction": 0,
    "missing_token_mint": 0,
    "invalid_token_amount": 0,
    "missing_scan_wallet": 0,
    "missing_signature": 0,
    "missing_block_time": 0
  },
  "insert_stats": {
    "records_transformed": 319343,
    "rows_inserted": 319343,
    "duplicates_ignored": 0
  },
  "summary_stats": {
    "total_rows": 319343,
    "distinct_wallets": 262,
    "distinct_tokens": 28390,
    "min_block_time": 1769135881,
    "max_block_time": 1769745193,
    "flow_in_count": 202399,
    "flow_out_count": 116944,
    "sol_buy_count": 202399,
    "sol_sell_count": 116944
  },
  "validation_passed": true
}