scan_wallet	rows	in_rows	out_rows
9tY7u1HgEt2RDcxym3RJ9sfvT3aZStiiUwXd44X9RUr8	9041	6665	2376
nya666pQkP3PzWxi7JngU3rRMHuc7zbLK8c8wxQ4qpT	8857	4428	4429
BwWK17cbHxwWBKZkUYvzxLcNQ1YVyaFezduWbtm2de6s	7231	3547	3684
FxN3VZ4BosL5urG2yoeQ156JSdmavm9K5fdLxjkPmaMR	7137	5053	2084
BCagckXeMChUKrHEd6fKFA1uiWDtcmCXMsqaheLiUPJd	7037	5241	1796
7NAd2EpYGGeFofpyvgehSXhH5vg6Ry6VRMW2Y6jiqCu1	6809	4807	2002
AQ46kfYT3hW28Xg5gWHrJkzFSz1oGWBHC3FsTbqgMEco	6391	4005	2386
DYmsQudNqJyyDvq86XmzAvrU9T7xwfQEwh6gPQw9TPNF	6174	5520	654
PMJA8UQDyWTFw2Smhyp9jGA6aTaP7jKHR7BPudrgyYN	5971	3948	2023
suqh5sHtr8HyJ7q8scBimULPkPpA557prMG47xCHQfK	5744	4575	1169
JDd3hy3gQn2V982mi1zqhNqUw1GfV2UL6g76STojCJPN	5636	4588	1048
2fg5QD1eD7rzNNCsvnhmXFm5hqNgwTTG8p7kQ6f3rx6f	5402	4143	1259
BTf4A2exGK9BCVDNzy65b9dUzXgMqB4weVkvTMFQsadd	5333	3363	1970
CyaE1VxvBrahnPWkqm5VsdCvyS2QmNht2UFrKJHga54o	5128	3715	1413
BBPKQwYLyiPjAX2KTFxanR7vxwa7majAF7c7yoaRX8oR	4982	2396	2586
4vw54BmAogeRV3vPKWyFet5yf8DTLcREzdSzx4rw9Ud9	4891	3074	1817
VJSDW6S74YXR4rRR9P4xwhMvLZJQMhrUb8XMFirUsy1	4725	2917	1808
CAPn1yH4oSywsxGU456jfgTrSSUidf9jgeAnHceNUJdw	4395	2478	1917
3wjyaSegfV7SZzjv9Ut1p6AcY5ZdoZjmu6i6QPCVvnmz	4390	3287	1103
EeXvxkcGqMDZeTaVeawzxm9mbzZwqDUMmfG3bF7uzumH	4164	2472	1692
3h65MmPZksoKKyEpEjnWU2Yk2iYT5oZDNitGy5cTaxoE	4024	3188	836
bwamJzztZsepfkteWRChggmXuiiCQvpLqPietdNfSXa	3820	2026	1794
BAr5csYtpWoNpwhUjixX7ZPHXkUciFZzjBp9uNxZXJPh	3782	3067	715
DDDD2zvzaPMLuZiC2Vos2i6TLFjJJ3bi1pN7kXQc3R5R	3572	1786	1786
Bi4rd5FH5bYEN8scZ7wevxNZyNmKHdaBcvewdPFxYdLt	3518	2311	1207
ACTbvbNm5qTLuofNRPxFPMtHAAtdH1CtzhCZatYHy831	3309	2031	1278
BQVz7fQ1WsQmSTMY3umdPEPPTm1sdcBcX9sP7o6kPRmB	3239	2310	929
BtMBMPkoNbnLF9Xn552guQq528KKXcsNBNNBre3oaQtr	3156	2070	1086
CvNiezB8hofusHCKqu8irJ6t2FKY7VjzpSckofMzk5mB	3115	2356	759
6Eegkyd2qNzxSzZz3PH3jiDyqL5HFcHdcsb9zfMzWHKB	3092	2389	703
qNGhUruCGJpXJdsnV74USHErcbm3CrXRsnP8D6Z34Hh	2895	1667	1228
4sAUSQFdvWRBxR8UoLBYbw8CcXuwXWxnN8pXa4mtm5nU	2691	1908	783
73LnJ7G9ffBDjEBGgJDdgvLUhD5APLonKrNiHsKDCw5B	2631	2008	623
ETU3GyrUsv6UztQJxHgsBX2UoJFmq79WJe3JyDpAqGMz	2551	1668	883
EtaEri9SPJcy3JmUAyRVNeaqP4CLECKPW8FfPi5TXm4b	2548	1405	1143
6aXFYXbFob1ZKAEDCcqZnX2vooA3TgEqDoy5dAQbeWoV	2543	1274	1269
3LUfv2u5yzsDtUzPdsSJ7ygPBuqwfycMkjpNreRR2Yww	2451	1222	1229
gangJEP5geDHjPVRhDS5dTF5e6GtRvtNogMEEVs91RV	2404	1861	543
5B79fMkcFeRTiwm7ehsZsFiKsC7m7n1Bgv9yLxPp9q2X	2235	1582	653
4nvNc7dDEqKKLM4Sr9Kgk3t1of6f8G66kT64VoC95LYh	2216	1402	814
Av3xWHJ5EsoLZag6pr7LKbrGgLRTaykXomDD5kBhL9YQ	2035	1484	551
4BdKaxN8G6ka4GYtQQWk4G4dZRUTX2vQH9GcXdBREFUk	2031	1364	667
G9VPG4XvHheUUbzPexNzx9Yyx97ii53WYb89PvdM2qQk	2006	1076	930
FsG3BaPmRTdSrPaivbgJsFNCCa8cPfkUtk8VLWXkHpHP	2000	1219	781
GBERKNpahPnBGmeUGWQVjGBDBj6CcJKpGz34FqegmTgu	1994	1482	512
Cvmo9SmWvBabC6ssW5uwThNKWipYJ6UUycBf4dibdQ97	1994	1177	817
7NnaXghjuU92gM9kmwXysqa5HboyZuR2LTaBnvazFxSH	1985	1740	245
ardinRsN1mNYVeoJWTBsWeYeXvuR9UUDGMsCDKpb6AT	1979	1144	835
EQaxqKT3N981QBmdSUGNzAGK5S26zUwAdRHhBCgn87zD	1964	1010	954
8deJ9xeUvXSJwicYptA9mHsU2rN2pDx37KWzkDkEXhU6	1896	1338	558
fNrJmJ1aQMx1vgnGwJcLWkUCBrDy7GF7ZpVqiXuRFrJ	1847	949	898
7xwDKXNG9dxMsBSCmiAThp7PyDaUXbm23irLr7iPeh7w	1776	1180	596
EHg5YkU2SZBTvuT87rUsvxArGp3HLeye1fXaSDfuMyaf	1692	1028	664
Dwo2kj88YYhwcFJiybTjXezR9a6QjkMASz5xXD7kujXC	1683	838	845
BCnqsPEtA1TkgednYEebRpkmwFRJDCjMQcKZMMtEdArc	1660	979	681
86AEJExyjeNNgcp7GrAvCXTDicf5aGWgoERbXFiG1EdD	1643	920	723
DfMxre4cKmvogbLrPigxmibVTTQDuzjdXojWzjCXXhzj	1635	1158	477
9f5ywdCDA4QhSktBomozpHmZfSLqS6J9VqCrRehYWh1p	1632	1123	509
71PCu3E4JP5RDBoY6wJteqzxkKNXLyE1byg5BTAL9UtQ	1602	1291	311
FkzekjMLgbXC8NuSQQ2u53rmdh3jhfAZr2psDouDYvfR	1567	914	653
DZAa55HwXgv5hStwaTEJGXZz1DhHejvpb7Yr762urXam	1561	1121	440
4DdrfiDHpmx55i4SPssxVzS9ZaKLb8qr45NKY9Er9nNh	1545	1138	407
EaVboaPxFCYanjoNWdkxTbPvt57nhXGu5i6m9m6ZS2kK	1544	699	845
CQervCdE3WAUGRmaTj9NHdbNrNGVsxJb68t3QggcntM2	1465	650	815
B9K2wTQcRDLRLhMKFyRh2hPqHrr6VKiCC9yNGpkMUXrh	1452	1246	206
4uCT4g7YHH4xxfmfNfKUDenwGrRNGoZ9Ay1XFxfUGhQG	1404	887	517
6mfC5EyNYCY1A8rA2U7EFCfrpPEV6zwHqt1DGUDNKus8	1376	698	678
5fHJszey2UdB2nETS1y6NS2wSG4ic9byKtbgJzaYzGeV	1376	383	993
H84Wda2aSgKV1daCVV9ozWrSurjVnoSLY5GAymYArGPg	1371	842	529
Dgehc8YMv6dHsiPJVoumvq4pSBkMVvrTgTUg7wdcYJPJ	1355	601	754
As7HjL7dzzvbRbaD3WCun47robib2kmAKRXMvjHkSMB5	1306	810	496
G6fUXjMKPJzCY1rveAE6Qm7wy5U3vZgKDJmN1VPAdiZC	1280	686	594
4cXnf2z85UiZ5cyKsPMEULq1yufAtpkatmX4j4DBZqj2	1279	719	560
6xX7LudE5AqnTUc8dJJfzuarkSc6WMw7qRHgQXUdWauJ	1273	713	560
B32QbbdDAyhvUQzjcaM5j6ZVKwjCxAwGH5Xgvb9SJqnC	1259	554	705
xyzfhxfy8NhfeNG3Um3WaUvFXzNuHkrhrZMD8dsStB6	1258	681	577
FAicXNV5FVqtfbpn4Zccs71XcfGeyxBSGbqLDyDJZjke	1243	617	626
J1XAE4onKYG1kTghgaytnyFgR3otQs1xEnJRRWM3djSQ	1242	644	598
H31vEBxSJk1nQdUN11qZgZyhScyShhscKhvhZZU3dQoU	1236	614	622
5vg7he5HibvsAW86wfiuP6jw7VwKmUAnP6P93mVCdpJu	1228	518	710
4YzpSZpxDdjNf3unjkCtdWEsz2FL5mok7e5XQaDNqry8	1218	656	562
FRbUNvGxYNC1eFngpn7AD3f14aKKTJVC6zSMtvj2dyCS	1182	845	337
Fyr3eVTySpfyczEzUFcJ3SPtEKRwWKhxsmAWLghwP3FL	1181	516	665
mW4PZB45isHmnjGkLpJvjKBzVS5NXzTJ8UDyug4gTsM	1154	800	354
5T229oePmJGE5Cefys8jE9Jq8C7qfGNNWy3RVA7SmwEP	1146	595	551
AGqjivJr1dSv73TVUvdtqAwogzmThzvYMVXjGWg2FYLm	1122	655	467
GNrmKZCxYyNiSUsjduwwPJzhed3LATjciiKVuSGrsHEC	1069	451	618
BJXjRq566xt66pcxCmCMLPSuNxyUpPNBdJGP56S7fMda	1048	671	377
BaLxyjXzATAnfm7cc5AFhWBpiwnsb71THcnofDLTWAPK	1047	571	476
GJA1HEbxGnqBhBifH9uQauzXSB53to5rhDrzmKxhSU65	1037	551	486
67Nwfi9hgwqhxGoovT2JGLU67uxfomLwQAWncjXXzU6U	1025	513	512
G2mgnzpr59vYjKpwU9q5zVfS9yQ9HezMwjuqF7LACvR4	1017	663	354
BNahnx13rLru9zxuWNGBD7vVv1pGQXB11Q7qeTyupdWf	1014	724	290
ATFRUwvyMh61w2Ab6AZxUyxsAfiiuG1RqL6iv3Vi9q2B	999	645	354
98T65wcMEjoNLDTJszBHGZEX75QRe8QaANXokv4yw3Mp	986	678	308
9hTfnPgW2fc5dfBjK6cxkXmuQma6XYoutnydBzJtDf8v	983	376	607
5sNnKuWKUtZkdC1eFNyqz3XHpNoCRQ1D1DfHcNHMV7gn	977	694	283
9FNz4MjPUmnJqTf6yEDbL1D4SsHVh7uA8zRHhR5K138r	964	537	427
8AtQ4ka3dgtrH1z4Uq3Tm4YdMN3cK5RRj1eKuGNnvenm	960	555	405
87rRdssFiTJKY4MGARa4G5vQ31hmR7MxSmhzeaJ5AAxJ	959	706	253
Gtg4qSMkxME783rNdwHYQ11DbQvoXgLodTBLAAa8G5C2	950	701	249
3BLjRcxWGtR7WRshJ3hL25U3RjWr5Ud98wMcczQqk4Ei	950	612	338
EzbeF2bADKo6GutJyWmgodyGJFeBPhcrXSdZUXPX5WGc	947	541	406
G3g1CKqKWSVEVURZDNMazDBv7YAhMNTjhJBVRTiKZygk	934	555	379
39q2g5tTQn9n7KnuapzwS2smSx3NGYqBoea11tBjsGEt	918	636	282
DYAn4XpAkN5mhiXkRB7dGq4Jadnx6XYgu8L5b3WGhbrt	910	667	243
8rvAsDKeAcEjEkiZMug9k8v1y8mW6gQQiMobd89Uy7qR	906	571	335
AuPp4YTMTyqxYXQnHc5KUc6pUuCSsHQpBJhgnD45yqrf	897	473	424
sAdNbe1cKNMDqDsa4npB3TfL62T14uAo2MsUQfLvzLT	885	482	403
J6TDXvarvpBdPXTaTU8eJbtso1PUCYKGkVtMKUUY8iEa	865	580	285
2W14ahXD3XBfWJchQ4K5NLXmguWWcTTUTuHDhEzeuvP3	860	541	319
HbCxe8yWQJWnK3f3FX4oohgm87FZuPYD4Ydszqxgkwft	851	455	396
5B52w1ZW9tuwUduueP5J7HXz5AcGfruGoX6YoAudvyxG	836	662	174
RFSqPtn1JfavGiUD4HJsZyYXvZsycxf31hnYfbyG6iB	822	428	394
FqamE7xrahg7FEWoByrx1o8SeyHt44rpmE6ZQfT7zrve	813	407	406
6hcX7fVMzeRpW3d7XhFsxYw2CuePfgSMmouZxSiNLj1U	810	411	399
9cdZg6xR4c9kZiqKSzqjn4QHCXNQuC9HEWBzzMJ3mzqw	793	572	221
CEUA7zVoDRqRYoeHTP58UHU6TR8yvtVbeLrX1dppqoXJ	788	375	413
6mWEJG9LoRdto8TwTdZxmnJpkXpTsEerizcGiCNZvzXd	764	609	155
Hw5UKBU5k3YudnGwaykj5E8cYUidNMPuEewRRar5Xoc7	763	317	446
89HbgWduLwoxcofWpmn1EiF9wEdpgkNDEyPjzZ72mkDi	750	362	388
Di75xbVUg3u1qcmZci3NcZ8rjFMj7tsnYEoFdEMjS4ow	723	377	346
831yhv67QpKqLBJjbmw2xoDUeeFHGUx8RnuRj9imeoEs	719	298	421
J9TYAsWWidbrcZybmLSfrLzryANf4CgJBLdvwdGuC8MB	707	470	237
2X4H5Y9C4Fy6Pf3wpq8Q4gMvLcWvfrrwDv2bdR8AAwQv	706	349	357
7tiRXPM4wwBMRMYzmywRAE6jveS3gDbNyxgRrEoU6RLA	702	445	257
78N177fzNJpp8pG49xDv1efYcTMSzo9tPTKEA9mAVkh2	698	583	115
6S8GezkxYUfZy9JPtYnanbcZTMB87Wjt1qx3c6ELajKC	687	397	290
4SbDMrX8Zfj7qZtRKTBSQEavPkc7BP1kiJfT2f3dn8RL	678	331	347
HmBmSYwYEgEZuBUYuDs9xofyqBAkw4ywugB1d7R7sTGh	672	271	401
A3JBfM4aj2u5g5QdWzA6tVbFzCd8RpfL3jxCDHrM9Qn7	663	512	151
DuQabFqdC9eeBULVa7TTdZYxe8vK8ct5DZr4Xcf7docy	655	343	312
53BnNc49Ajgstciq3CRoyxuBpkkW1r8pgPyvr7JGYnsh	649	334	315
57rXqaQsvgyBKwebP2StfqQeCBjBS4jsrZFJN5aU2V9b	641	326	315
CA4keXLtGJWBcsWivjtMFBghQ8pFsGRWFxLrRCtirzu5	638	382	256
A3W8psibkTUvjxs4LRscbnjux6TFDXdvD4m4GsGpQ2KJ	632	368	264
AEeJUPCiGR3yCoukTh1G58o4LYsUEyzrXtfmfMc2kJMX	623	451	172
3H9LVHarjBoZ2YPEsgFbVD1zuERCGwfp4AeyHoHsFSEC	611	289	322
8DGbkGgQewL9mx4aXzZCUChr7hBVXvPK9fYqSqc7Ajpn	607	292	315
2e1w3Xo441Ytvwn54wCn8itAXwCKbiizc9ynGEv14Vis	607	270	337
8oQoMhfBQnRspn7QtNAq2aPThRE4q94kLSTwaaFQvRgs	602	371	231
D3zbRTT8M1fB6z78kjMi8YmjeftcLreysFCsEb9biS9x	587	587	0
99xnE2zEFi8YhmKDaikc1EvH6ELTQJppnqUwMzmpLXrs	582	393	189
AeLb2RpVwrqKZJ87PEiFdReiEXJXACQn17c8APQS1FHx	576	359	217
B3wagQZiZU2hKa5pUCj6rrdhWsX3Q6WfTTnki9PjwzMh	569	267	302
69z4qTgQ5DBRTJvnQzx2h8jZhNsv5UgADotEwwKUm2JS	565	364	201
215nhcAHjQQGgwpQSJQ7zR26etbjjtVdW74NLzwEgQjP	553	273	280
CATk62cYqDFXTh3rsRbS1ibCyzBeovc2KXpXEaxEg3nB	547	248	299
2kv8X2a9bxnBM8NKLc6BBTX2z13GFNRL4oRotMUJRva9	537	305	232
DzeSE8ZBNk36qqswcDxd8919evdH5upwyZ4u1yieQSkp	535	256	279
DsqRyTUh1R37asYcVf1KdX4CNnz5DKEFmnXvgT4NfTPE	516	300	216
DuGezKLZp8UL2aQMHthoUibEC7WSbpNiKFJLTtK1QHjx	501	361	140
GgDGFZzrweSj3yRQUQnDpnmPFMP3zK54Pzogm4WF3GW1	478	258	220
3bzaJd5yZG73EVDz8xosQb7gfZm2LN5auFGh6wnP1n1f	472	271	201
EjtQrPTbcMevStBkpnjsH23NfUCMhGHusTYsHuGVQZp2	463	236	227
6HJetMbdHBuk3mLUainxAPpBpWzDgYbHGTS2TqDAUSX2	453	254	199
J23qr98GjGJJqKq9CBEnyRhHbmkaVxtTJNNxKu597wsA	450	234	216
8MaVa9kdt3NW4Q5HyNAm1X5LbR8PQRVDc1W8NMVK88D5	447	275	172
qP3Q8d4WWsGbqkTfyA9Dr6cAD7DQoBuxPJMFTK48rWU	411	231	180
DKgvpfttzmJqZXdavDwTxwSVkajibjzJnN2FA99dyciK	387	199	188
G5nxEXuFMfV74DSnsrSatqCW32F34XUnBeq3PfDS7w5E	384	265	119
2net6etAtTe3Rbq2gKECmQwnzcKVXRaLcHy2Zy1iCiWz	375	201	174
F5jWYuiDLTiaLYa54D88YbpXgEsA6NKHzWy4SN4bMYjt	360	194	166
3LYtEmYerFPeXgu1c9Y4553oMk2qVdcxiwWzDjzMkwPx	360	162	198
F2SuErm4MviWJ2HzKXk2nuzBC6xe883CFWUDCPz6cyWm	352	162	190
Dv32u9mvSXGVNshf7xM7afuMoPRifQxzuzEjfmfMysZY	350	260	90
3uz65G8e463MA5FxcSu1rTUyWRtrRLRZYskKtEHHj7qn	345	164	181
CUKFKdJw7F91bZBbtAJMrLLxqtVigVSJhx644EFnCnw	343	223	120
BoYHJoKntk3pjkaV8qFojEonSPWmWMfQocZTwDd1bcGG	342	165	177
57JMxCescrFBvb8bqjNwHPM9J7wPF12SV5KJa82HCd9B	336	110	226
DNfuF1L62WWyW3pNakVkyGGFzVVhj4Yr52jSmdTyeBHm	327	112	215
BNnN2MqfWLvgThYBsv6v8JQaYZXYKYahC5YCy27Ct1cX	324	151	173
AeLaMjzxErZt4drbWVWvcxpVyo8p94xu5vrg41eZPFe3	324	228	96
4NtyFqqRzvHWsTmJZoT26H9xtL7asWGTxpcpCxiKax9a	324	148	176
4Ff9dbi9L93qMvevpESY4YLHtdqTd8Yj8jXj3VwCNY4g	323	150	173
BJeWdzF9HVeWHktxwS9u8FbCrdSDRrDoS3S9stLafdQJ	321	204	117
Be24Gbf5KisDk1LcWWZsBn8dvB816By7YzYF5zWZnRR6	313	312	1
GfXQesPe3Zuwg8JhAt6Cg8euJDTVx751enp9EQQmhzPH	307	156	151
9iaawVBEsFG35PSwd4PahwT8fYNQe9XYuRdWm872dUqY	304	123	181
G5KeBuoDtmBrRQt9fMy29FCUSXDWMwHe7W4skfwDtURv	299	156	143
A4DCAjDwkq5jYhNoZ5Xn2NbkTLimARkerVv81w2dhXgL	278	132	146
6RoLbZJWJHpTk4sdPsWzocEHiRtzPS36WcBjnMXuQrfU	270	130	140
9RTva4wSk8E3EWYc8wtF9V94RUQGkemWtt3i8dUtsA4P	261	118	143
JAmx4Wsh7cWXRzQuVt3TCKAyDfRm9HA7ztJa4f7RM8h9	244	156	88
4TS24wgLBMucbZt7zqhM3KakXwdNTT2ECxDXEpsn5AhZ	224	101	123
FSAmbD6jm6SZZQadSJeC1paX3oTtAiY9hTx1UYzVoXqj	222	96	126
4CqecFud362LKgALvChyhj6276he3Sy8yKim1uvFNV1m	199	113	86
36DWP52MVRDooYNrcRVDyoCh2R1fPXCYqKJQYg9pFQoE	197	79	118
95TWoKkvv2z85EXBzd2z6NwbxH2f54AvwuCA9x3NoKep	191	134	57
6SYhd67FqypKyNqd5iFikRhrmKAKcCwwurSYUAMNSH4r	188	95	93
Ez2jp3rwXUbaTx7XwiHGaWVgTPFdzJoSg8TopqbxfaJN	184	44	140
9VNLnZ6EYKNMtyZRpjgpKvC1EbbPvHRQuadFntjybuCb	183	66	117
6EDaVsS6enYgJ81tmhEkiKFcb4HuzPUVFZeom6PHUqN3	179	125	54
8eioZubsRjFkNEFcSHKDbWa8MkpmXMBvQcfarGsLviuE	176	97	79
2T5NgDDidkvhJQg8AHDi74uCFwgp25pYFMRZXBaCUNBH	176	119	57
BtUBxH7bEjmDJbgVLxjEK7ZX72XPeDKaeXFufXnGATna	175	86	89
3tkVLxjhxZoJLn8aRHt7yG6UjpjYjnKpaDQ1ijY6Ur6B	172	91	81
4s2WzRLa35FB58bZY1i4CN3WoywJeuYrGYHnTKFsT23z	170	157	13
5d3jQcuUvsuHyZkhdp78FFqc7WogrzZpTtec1X9VNkuE	167	63	104
5XVKfruE4Zzeoz3aqBQfFMb5aSscY5nSyc6VwtQwNiid	165	128	37
G3gZWqrYkNmYFKYCyfRCNtGuxdyuE2wiYKkZpiZn4WSS	157	111	46
8mp548ZBaSavzpTHVeytQ4XGpVpbVZx9p2UxVyAJvRxV	157	66	91
3kebnKw7cPdSkLRfiMEALyZJGZ4wdiSRvmoN4rD1yPzV	156	101	55
FCXnwmVG1CnQswEBRBX74Vz7Xbu9WYFB4J6GR2Ymnwpr	152	84	68
Ew6qBU7N34gRNgpgUwhJ3PgrtbPYpLYWLBEG5yuQTceD	148	69	79
ArfVe1K5gt5zsxzRCWSQeWc1rJSJjZzuuYxmvRh71mMQ	140	129	11
3wi8waD5A64D7PLutUYJdhMcrYvDBTqeh3CRFgv1hFtY	133	78	55
4fZFcK8ms3bFMpo1ACzEUz8bH741fQW4zhAMGd5yZMHu	131	70	61
winkACDSxstg19HJgX1pwDGpD8f2ZpiqqAjyAbkgXLu	130	105	25
4hSXPtxZgXFpo6Vxq9yqxNjcBoqWN3VoaPJWonUtupzD	123	67	56
GM7Hrz2bDq33ezMtL6KGidSWZXMWgZ6qBuugkb5H8NvN	122	69	53
DSUAixPqvUXFX46SvFm7LRYQkthpJom6XsjZn4vTkKaa	117	60	57
FspCE8JboVXrq1MUjn5Jssb7YJpwUXU6BFJgZctdJEjK	113	83	30
CxgPWvH2GoEDENELne2XKAR2z2Fr4shG2uaeyqZceGve	109	44	65
BuhkHhM3j4viF71pMTd23ywxPhF35LUnc2QCLAvUxCdW	108	53	55
5mtbmPwj2SMkxPP9c93s9oD9bmMdByTqepNarM9Y7u7e	106	55	51
9RrKUhRpbPDNxR7x88ZsCgdtqPHUfwYPjj4JdpV4FBj9	101	49	52
ADC1QV9raLnGGDbnWdnsxazeZ4Tsiho4vrWadYswA2ph	99	46	53
HdxkiXqeN6qpK2YbG51W23QSWj3Yygc1eEk2zwmKJExp	96	56	40
7SDs3PjT2mswKQ7Zo4FTucn9gJdtuW4jaacPA65BseHS	93	59	34
6nhskL8RVpXzWXC7mcC1UXpe3ze2p6P6og1jXVGUW88s	89	47	42
4xY9T1Q7foJzJsJ6YZDSsfp9zkzeZsXnxd45SixduMmr	85	24	61
7kk7azE2ewZzuFCbVFoJLaDWRGeD9QynxcR3BTNmAeGy	77	38	39
EKpspUNsUhf6u2uXVbqLENuMhg8dqjGUisKpmrDWrmjq	74	59	15
8L847iMWRvggeMB6QGbsYmGFPvSkS9bAPomU3v5jx5za	73	35	38
FMz9XpMKkw1nvuKWMFAzHkSakBDJY5aVfddjaAmMvtpP	69	38	31
3jzHjoPKaceZjA6AqAWka7Ghw9F3w9k9cvjGTmybdioT	63	32	31
BrT5kYQ125u6NaRKFKNiBnHak6X7MvcZSQ3LfQCB3sqg	61	32	29
5dzH7gh5FjtrxUwtfBufJyTBA4fyCUGheZsdYQsE9vag	61	51	10
EdAsdt7JY6fcBYNbzY4HxXTEWSupiQMdRS3KjNLuSLKy	53	30	23
AAMnoNo3TpezKcT7ah9puLFZ4D59muEhQHJJqpX16ccg	49	30	19
DMqibTACAF4piJjA92Kuim7pxzuNGFizmuZ5KTtttnx8	47	33	14
GrXjXop95XkVPYJafDJNCLFzK9K8LkpopxYcgUUn2H87	44	30	14
274vmGgKuYQp8Fxvb8n3cr9ZeY3SYM6LgeaXM6jS2nD6	41	12	29
FVxeFYgyT4GC6D7gaLkMSu2qtSJfw2N4RVPZowi2A64Y	39	19	20
F1WT79Jkw3BkBDUfCbrKKo15ghZNCEjvnjxQpiCfPuRM	36	18	18
HyYNVYmnFmi87NsQqWzLJhUTPBKQUfgfhdbBa554nMFF	31	3	28
Fsss6uvqNeapk2zrouXeb8VXYyVUxLR2Yke7VfKxVujB	26	9	17
DjM7Tu7whh6P3pGVBfDzwXAx2zaw51GJWrJE3PwtuN7s	25	7	18
2w3zDW2e1KjYtM2pHTkgh78L8DjMrC6fuB9uhwKNigTs	24	21	3
BieeZkdnBAgNYknzo3RH2vku7FcPkFZMZmRJANh2TpW	18	10	8
AVAZvHLR2PcWpDf8BXY4rVxNHYRBytycHkcB5z5QNXYm	18	14	4
7VBTpiiEjkwRbRGHJFUz6o5fWuhPFtAmy8JGhNqwHNnn	18	7	11
4WPTQA7BB4iRdrPhgNpJihGcxKh8T43gLjMn5PbEVfQw	17	10	7
FZVdsFTRTWwZEy6XC5GCtHNWdcAwiQtAeJ2NSpH6cQNz	16	12	4
4AHgEkTsGqY77qtde4UJn9yZCrbGcM7UM3vjT3qM4G5H	16	9	7
48kx1v5iNdpwmWKAcfwNKL8brRCZqATJrmrCAw8wnN29	14	8	6
CDQzwUqXAJ4v4nyuthwBXAQCAnVW3tt5XtDXECyiom5c	12	6	6
D1H83ueSw5Nxy5okxH7VBfV4jRnqAK5Mm1tm3JAj3m5t	11	7	4
4Be9CvxqHW6BYiRAxW9Q3xu1ycTMWaL5z8NX4HR3ha7t	10	8	2
7w7f4P284zJhv3zotjCUmaNsZSsrHQKtpXGBJFq8gdzq	9	3	6
3xRT22ed5V6gKkR16hcL2H5GEBMu15givEH14ZsTsv8j	9	4	5
AJ6MGExeK7FXmeKkKPmALjcdXVStXYokYNv9uVfDRtvo	8	7	1
3AWDTDGZiW8joyfA52LKL7GUWLoKBCBUBLUE5JoWgBCu	5	5	0
FTg1gqW7vPm4kdU1LPM7JJnizbgPdRDy2PitKw6mY27j	4	3	1
AgmLJBMDCqWynYnQiPCuj9ewsNNsBJXyzoUhD9LJzN51	3	3	0
Cxe1d5zFifK4a4UZoHQaCK7sfqd84XjcKy1qtjnz3bge	2	1	1
9Bs2XgZynPdMfbpn3HQX8NKWLToPDwGrMHRbZruwbyPD	2	2	0
8zFZHuSRuDpuAR7J6FzwyF3vKNx4CVW3DFHJerQhc7Zd	2	2	0
2RssnB7hcrnBEx55hXMKT1E7gN27g9ecQFbbCc5Zjajq	2	1	1
FcUPhUvPGSdXShF7cAmo3KpCEqVG8bZRXZE9zHir41Co	1	1	0
5rkPDK4JnVAumgzeV2Zu8vjggMTtHdDtrsd5o9dhGZHD	1	1	0
