section	verdict	details
uniqueness_and_counts	PASS	dup_states=0, dup_transitions=0, non_enter=0, expected_groups=1211, states=1211, transitions=1211
time_and_payload	PASS	transition_mismatches=0, state_latest_mismatches=0, state_first_mismatches=0
referential_integrity	PASS	states_missing=0, transitions_missing=0
determinism	PASS	recomputed_first=1211, recomputed_last=1211, states_digest=e22e05d9d1e4f132d44b59f43fe93a2b0d1c2441d0ae880c12a1758391ec10f6, transitions_digest=81ec8cbcf1e83d980ffd2575d662273ec881a28984189b0906e7dc524f71f6a0
