run_id	window	lens_id	pattern_id	member_count
c4fad772844242ff136144738093cc4410ac089b	24h	A	A:24h:1ccd229c5163	1
c4fad772844242ff136144738093cc4410ac089b	24h	A	A:24h:5e06ae2728f8	78
c4fad772844242ff136144738093cc4410ac089b	24h	A	A:24h:79171fe317f4	32
c4fad772844242ff136144738093cc4410ac089b	24h	A	A:24h:c58b0c02b86a	73
c4fad772844242ff136144738093cc4410ac089b	24h	A	A:24h:ebf91938c8fe	3
c4fad772844242ff136144738093cc4410ac089b	24h	A	A:24h:f096036ade0b	30
c4fad772844242ff136144738093cc4410ac089b	24h	B	B:24h:07ffdef6a93a	131
c4fad772844242ff136144738093cc4410ac089b	24h	B	B:24h:17df989acf89	19
c4fad772844242ff136144738093cc4410ac089b	24h	B	B:24h:1ec61daf0df2	33
c4fad772844242ff136144738093cc4410ac089b	24h	B	B:24h:1fe2f8a10f84	34
c4fad772844242ff136144738093cc4410ac089b	24h	B	B:24h:74da77d7defd	8
c4fad772844242ff136144738093cc4410ac089b	24h	B	B:24h:f61f704e975b	2
c4fad772844242ff136144738093cc4410ac089b	24h	C	C:24h:257588763fe0	262
c4fad772844242ff136144738093cc4410ac089b	24h	D	D:24h:041a5d441cb5	14
c4fad772844242ff136144738093cc4410ac089b	24h	D	D:24h:2f2577cfcc1a	12
c4fad772844242ff136144738093cc4410ac089b	24h	D	D:24h:6e064d3f1b97	158
c4fad772844242ff136144738093cc4410ac089b	24h	D	D:24h:f1368860dc46	10
c4fad772844242ff136144738093cc4410ac089b	24h	E	E:24h:4a2c37a90fc7	54
c4fad772844242ff136144738093cc4410ac089b	24h	E	E:24h:66dafd75d61c	39
c4fad772844242ff136144738093cc4410ac089b	24h	E	E:24h:78eabff2eff7	61
c4fad772844242ff136144738093cc4410ac089b	24h	E	E:24h:999d4af58c19	6
c4fad772844242ff136144738093cc4410ac089b	24h	E	E:24h:9f7b48fce6d7	20
c4fad772844242ff136144738093cc4410ac089b	24h	E	E:24h:ca1da645c01b	41
c4fad772844242ff136144738093cc4410ac089b	24h	E	E:24h:df5f7cf7d76a	3
c4fad772844242ff136144738093cc4410ac089b	7d	A	A:7d:1ccd229c5163	1
c4fad772844242ff136144738093cc4410ac089b	7d	A	A:7d:37a2e73ff661	41
c4fad772844242ff136144738093cc4410ac089b	7d	A	A:7d:56b5dfadaf53	65
c4fad772844242ff136144738093cc4410ac089b	7d	A	A:7d:5e39a16fbed1	33
c4fad772844242ff136144738093cc4410ac089b	7d	A	A:7d:786a24af1b8b	41
c4fad772844242ff136144738093cc4410ac089b	7d	A	A:7d:7a77a11559fa	22
c4fad772844242ff136144738093cc4410ac089b	7d	A	A:7d:90a7be8ba36a	5
c4fad772844242ff136144738093cc4410ac089b	7d	A	A:7d:98cb5dd2d1a5	3
c4fad772844242ff136144738093cc4410ac089b	7d	A	A:7d:bcbc3f7524b5	42
c4fad772844242ff136144738093cc4410ac089b	7d	B	B:7d:41ebb2ef3dcd	30
c4fad772844242ff136144738093cc4410ac089b	7d	B	B:7d:8286b8f1d62c	75
c4fad772844242ff136144738093cc4410ac089b	7d	B	B:7d:e5f70df28b57	1
c4fad772844242ff136144738093cc4410ac089b	7d	B	B:7d:f114bae67ff5	155
c4fad772844242ff136144738093cc4410ac089b	7d	C	C:7d:257588763fe0	262
c4fad772844242ff136144738093cc4410ac089b	7d	D	D:7d:080a8755d79e	141
c4fad772844242ff136144738093cc4410ac089b	7d	D	D:7d:0ae40b12dfe0	7
c4fad772844242ff136144738093cc4410ac089b	7d	D	D:7d:2f7d9e8d514c	35
c4fad772844242ff136144738093cc4410ac089b	7d	D	D:7d:569ac03065b1	14
c4fad772844242ff136144738093cc4410ac089b	7d	E	E:7d:2c5f59d87409	72
c4fad772844242ff136144738093cc4410ac089b	7d	E	E:7d:4f432bba750f	1
c4fad772844242ff136144738093cc4410ac089b	7d	E	E:7d:5e1f2c9c8462	33
c4fad772844242ff136144738093cc4410ac089b	7d	E	E:7d:61fb1de13888	25
c4fad772844242ff136144738093cc4410ac089b	7d	E	E:7d:679f87d7e302	78
c4fad772844242ff136144738093cc4410ac089b	7d	E	E:7d:9c175d8c1add	8
c4fad772844242ff136144738093cc4410ac089b	7d	E	E:7d:9d30fb8586d3	11
c4fad772844242ff136144738093cc4410ac089b	7d	E	E:7d:a16a2707106a	17
c4fad772844242ff136144738093cc4410ac089b	7d	E	E:7d:b345457c07b8	9
c4fad772844242ff136144738093cc4410ac089b	lifetime	A	A:lifetime:1ccd229c5163	1
c4fad772844242ff136144738093cc4410ac089b	lifetime	A	A:lifetime:36bb29942ad8	57
c4fad772844242ff136144738093cc4410ac089b	lifetime	A	A:lifetime:3818cd090635	76
c4fad772844242ff136144738093cc4410ac089b	lifetime	A	A:lifetime:59964b2f4f1e	25
c4fad772844242ff136144738093cc4410ac089b	lifetime	A	A:lifetime:643c097fe4be	30
c4fad772844242ff136144738093cc4410ac089b	lifetime	A	A:lifetime:7c8f24cf8da6	2
c4fad772844242ff136144738093cc4410ac089b	lifetime	A	A:lifetime:98cb5dd2d1a5	3
c4fad772844242ff136144738093cc4410ac089b	lifetime	A	A:lifetime:be290ec3112d	3
c4fad772844242ff136144738093cc4410ac089b	lifetime	A	A:lifetime:c2c08600949f	3
c4fad772844242ff136144738093cc4410ac089b	lifetime	A	A:lifetime:e1af23d174be	50
c4fad772844242ff136144738093cc4410ac089b	lifetime	A	A:lifetime:ebf91938c8fe	3
c4fad772844242ff136144738093cc4410ac089b	lifetime	B	B:lifetime:41ebb2ef3dcd	30
c4fad772844242ff136144738093cc4410ac089b	lifetime	B	B:lifetime:8286b8f1d62c	75
c4fad772844242ff136144738093cc4410ac089b	lifetime	B	B:lifetime:e5f70df28b57	1
c4fad772844242ff136144738093cc4410ac089b	lifetime	B	B:lifetime:f114bae67ff5	155
c4fad772844242ff136144738093cc4410ac089b	lifetime	C	C:lifetime:257588763fe0	262
c4fad772844242ff136144738093cc4410ac089b	lifetime	D	D:lifetime:45682255fd55	17
c4fad772844242ff136144738093cc4410ac089b	lifetime	D	D:lifetime:4b44aaede644	166
c4fad772844242ff136144738093cc4410ac089b	lifetime	D	D:lifetime:570fa245aead	6
c4fad772844242ff136144738093cc4410ac089b	lifetime	D	D:lifetime:82ccaf9db150	9
c4fad772844242ff136144738093cc4410ac089b	lifetime	E	E:lifetime:0b096dc52724	7
c4fad772844242ff136144738093cc4410ac089b	lifetime	E	E:lifetime:3385d7923a16	72
c4fad772844242ff136144738093cc4410ac089b	lifetime	E	E:lifetime:4f432bba750f	1
c4fad772844242ff136144738093cc4410ac089b	lifetime	E	E:lifetime:679f87d7e302	78
c4fad772844242ff136144738093cc4410ac089b	lifetime	E	E:lifetime:94c087efc9b3	31
c4fad772844242ff136144738093cc4410ac089b	lifetime	E	E:lifetime:a16a2707106a	17
c4fad772844242ff136144738093cc4410ac089b	lifetime	E	E:lifetime:a460738c6cc5	7
c4fad772844242ff136144738093cc4410ac089b	lifetime	E	E:lifetime:c889a4ace8c2	29
c4fad772844242ff136144738093cc4410ac089b	lifetime	E	E:lifetime:fad39bef5316	12
c4fad772844242ff136144738093cc4410ac089b	lifetime	F	F:lifetime:03f377859080	1
c4fad772844242ff136144738093cc4410ac089b	lifetime	F	F:lifetime:4f432bba750f	1
c4fad772844242ff136144738093cc4410ac089b	lifetime	F	F:lifetime:6ba917736394	126
c4fad772844242ff136144738093cc4410ac089b	lifetime	F	F:lifetime:8615a018a586	18
c4fad772844242ff136144738093cc4410ac089b	lifetime	F	F:lifetime:9028766cb45a	5
c4fad772844242ff136144738093cc4410ac089b	lifetime	F	F:lifetime:92fdf593a165	1
c4fad772844242ff136144738093cc4410ac089b	lifetime	F	F:lifetime:bba97ddce199	12
c4fad772844242ff136144738093cc4410ac089b	lifetime	F	F:lifetime:c966d177b2d8	1
c4fad772844242ff136144738093cc4410ac089b	lifetime	F	F:lifetime:cc1fa3e3bdee	2
c4fad772844242ff136144738093cc4410ac089b	lifetime	F	F:lifetime:d80f3f2409f5	78
c4fad772844242ff136144738093cc4410ac089b	lifetime	F	F:lifetime:e5f70df28b57	1
c4fad772844242ff136144738093cc4410ac089b	lifetime	F	F:lifetime:e8a05d4f98f8	16
