wallet	window	event_type	event_time	baseline_amount	baseline_count	flow_ref	flow_scan_wallet	flow_block_time	flow_sol_direction	flow_sol_amount_lamports	flow_source_table	wallet_match	time_match	direction_match
215nhcAHjQQGgwpQSJQ7zR26etbjjtVdW74NLzwEgQjP	24h	WHALE_CUM_24H_BUY	1769186925	52712553714	6	29fmFLLH57uXBa8VdJCx3A4dJeyz1RS4TdsQYgAFv57nXAkTVoDiuMJgncyBBpnAmhTSvpUfdaWjzF3WJGe5n5fr	215nhcAHjQQGgwpQSJQ7zR26etbjjtVdW74NLzwEgQjP	1769186925	buy	5082044280	swaps	true	true	true
215nhcAHjQQGgwpQSJQ7zR26etbjjtVdW74NLzwEgQjP	24h	WHALE_CUM_24H_BUY	1769187007	57773558714	7	3WYyhqpdGhPVVovWPpBmHK5dHgQGaWjaHfMd4FFRseRRU6hpzMNqSJCqYtrwUknzMokao525VorkhHQcvJ5bRUvY	215nhcAHjQQGgwpQSJQ7zR26etbjjtVdW74NLzwEgQjP	1769187007	buy	5061005000	swaps	true	true	true
215nhcAHjQQGgwpQSJQ7zR26etbjjtVdW74NLzwEgQjP	24h	WHALE_CUM_24H_BUY	1769187680	59804563714	8	3XRixrV2v2RHLPo9mEymjBvYubXiftNYPpzxwm4PsEfCdpgi7urDgQvuYEKgT8LfM3xLpCXHYvouLkrJXaYEMpXM	215nhcAHjQQGgwpQSJQ7zR26etbjjtVdW74NLzwEgQjP	1769187680	buy	2031005000	swaps	true	true	true
215nhcAHjQQGgwpQSJQ7zR26etbjjtVdW74NLzwEgQjP	24h	WHALE_CUM_24H_BUY	1769188577	144674568714	9	34TNjhz9gbyWHHqHSbvsZgvPNY5QrzER64rAZaKa6CTzKmh3qP1gLy5GvsvxBB8xRpvG6ZqrwCKz33o6yyFY4DKV	215nhcAHjQQGgwpQSJQ7zR26etbjjtVdW74NLzwEgQjP	1769188577	buy	84870005000	swaps	true	true	true
215nhcAHjQQGgwpQSJQ7zR26etbjjtVdW74NLzwEgQjP	24h	WHALE_CUM_24H_BUY	1769188630	144674573714	10	5Ay2MPdxomjqQ8anirvkXspopQUmYQp5GzmPG3f5FKeybGcCspcfPGTdCpcfYkajeUAVMwCA9p4r8J1LBU932NY4	215nhcAHjQQGgwpQSJQ7zR26etbjjtVdW74NLzwEgQjP	1769188630	buy	5000	swaps	true	true	true
215nhcAHjQQGgwpQSJQ7zR26etbjjtVdW74NLzwEgQjP	24h	WHALE_CUM_24H_BUY	1769189660	146726617994	11	4zqKBofnJCnFz4rinzfJX93tm8uzugT9QoRJUcw3e9NrUsmtBeCdGeVvrGFHQx64yXrMP85gdm8Scedqw4YDBzaM	215nhcAHjQQGgwpQSJQ7zR26etbjjtVdW74NLzwEgQjP	1769189660	buy	2052044280	swaps	true	true	true
215nhcAHjQQGgwpQSJQ7zR26etbjjtVdW74NLzwEgQjP	24h	WHALE_CUM_24H_BUY	1769195282	166731788976	12	5SEomN7YGoUWFS3BmMWjBdbTxMBFRc3cecW2BaJaDpUBB5QiYgKdnDcHVkgDf3QgdsJNvSrLZ6AZ5sF2PuLDhPvJ	215nhcAHjQQGgwpQSJQ7zR26etbjjtVdW74NLzwEgQjP	1769195282	buy	20005170982	swaps	true	true	true
215nhcAHjQQGgwpQSJQ7zR26etbjjtVdW74NLzwEgQjP	24h	WHALE_CUM_24H_BUY	1769195297	166744833256	13	3d5GLb9RZYC6w5iNvpZVUjQv7aQziskUGntZSEToxn5t7gMKNbUAbAiy1gE9Gp3RYQ4bGvh4tPEdnyjwEyKhU78W	215nhcAHjQQGgwpQSJQ7zR26etbjjtVdW74NLzwEgQjP	1769195297	buy	13044280	swaps	true	true	true
215nhcAHjQQGgwpQSJQ7zR26etbjjtVdW74NLzwEgQjP	24h	WHALE_CUM_24H_BUY	1769195299	166774838256	14	3dQ1TbFJbZJfxJouEerxrmXUMaPHh7qb4jGhCLKUob6gbVoryoBpew86NXqSseshVTcnfeWeBc63UMbTp9yXGzB3	215nhcAHjQQGgwpQSJQ7zR26etbjjtVdW74NLzwEgQjP	1769195299	buy	30005000	swaps	true	true	true
215nhcAHjQQGgwpQSJQ7zR26etbjjtVdW74NLzwEgQjP	24h	WHALE_CUM_24H_BUY	1769195301	166804843256	15	XL4FUGyKe4szzbgSMPN94sfiQaqUko9kPRSP5jzxoWrcn3uTXHfew3UJPqrnFxiYWLFtPR7E4Q3Gh9QnXDKsagT	215nhcAHjQQGgwpQSJQ7zR26etbjjtVdW74NLzwEgQjP	1769195301	buy	30005000	swaps	true	true	true
215nhcAHjQQGgwpQSJQ7zR26etbjjtVdW74NLzwEgQjP	24h	WHALE_CUM_24H_BUY	1769195316	166834848256	16	4N6bQK52nmbRL1tT2fJ9m91Jx1T4nLaaJSSxAAvJPurb2T5oyj7WBejjN2Ncz3htm5ajYKjMqnrm2RUwM5DKeQsB	215nhcAHjQQGgwpQSJQ7zR26etbjjtVdW74NLzwEgQjP	1769195316	buy	30005000	swaps	true	true	true
215nhcAHjQQGgwpQSJQ7zR26etbjjtVdW74NLzwEgQjP	24h	WHALE_CUM_24H_BUY	1769195348	166864853256	17	5Cb1ekDnpE5SUM228xHTypZotGgLAKD3cQZ8EdF5EVTcQGzTw4gjTaYLCg8j3nW5Y4iR5nXyguqea4KeW69WFhp3	215nhcAHjQQGgwpQSJQ7zR26etbjjtVdW74NLzwEgQjP	1769195348	buy	30005000	swaps	true	true	true
215nhcAHjQQGgwpQSJQ7zR26etbjjtVdW74NLzwEgQjP	24h	WHALE_CUM_24H_BUY	1769196373	188087897536	18	2a2aofF5obuLyYrxCD1mGrVuGfTirbQ8U93m1ABy27rPD3wQUgwgbs9XBbRRkfGpbF6gPDT491orE5ZUW169xRky	215nhcAHjQQGgwpQSJQ7zR26etbjjtVdW74NLzwEgQjP	1769196373	buy	21223044280	swaps	true	true	true
215nhcAHjQQGgwpQSJQ7zR26etbjjtVdW74NLzwEgQjP	24h	WHALE_CUM_24H_BUY	1769197171	190139629316	19	XxYcwdyJ7LPwy8z17JY4LsSTjXemnqTNeYnUYGnhedsao4kpBwMx8U3ib1xop87wTUju53q42jGEM9xJKGytAXR	215nhcAHjQQGgwpQSJQ7zR26etbjjtVdW74NLzwEgQjP	1769197171	buy	2051731780	swaps	true	true	true
215nhcAHjQQGgwpQSJQ7zR26etbjjtVdW74NLzwEgQjP	24h	WHALE_CUM_24H_BUY	1769197196	200269634316	20	2fKuEkkuMmxYn7munggg3YGFyotuLXRMvzDgDTcLo4msJ7VVe95wzfaLAD8z6czw7Hnv856XduvWzs4bf5iCKQ3r	215nhcAHjQQGgwpQSJQ7zR26etbjjtVdW74NLzwEgQjP	1769197196	buy	10130005000	swaps	true	true	true
215nhcAHjQQGgwpQSJQ7zR26etbjjtVdW74NLzwEgQjP	24h	WHALE_CUM_24H_BUY	1769197823	225532678596	21	3jY8ropbxtb3wK5XkVGLuoZHb8RnF9AYXsJMufuiUkXm4CveDEfj2edma1ba2qRnTnyfQNe3hSysJcgQYNEaJnme	215nhcAHjQQGgwpQSJQ7zR26etbjjtVdW74NLzwEgQjP	1769197823	buy	25263044280	swaps	true	true	true
215nhcAHjQQGgwpQSJQ7zR26etbjjtVdW74NLzwEgQjP	24h	WHALE_CUM_24H_BUY	1769197826	240712683596	22	3pnLuzLCqb9HJPKXXrqDrT3SR57MKuzWUrjg5TjGn9vL1cTggWveErE6uwV3fNnyTWqTwWNUeHrREQtfp46t5cc2	215nhcAHjQQGgwpQSJQ7zR26etbjjtVdW74NLzwEgQjP	1769197826	buy	15180005000	swaps	true	true	true
215nhcAHjQQGgwpQSJQ7zR26etbjjtVdW74NLzwEgQjP	24h	WHALE_CUM_24H_BUY	1769197839	250823688596	23	2wuhouTWUrooYDdmjz1ERg4Pzkz6WCNdhKPkHoh8EGa4onrHXQ74mqQYvrBVVPDVDRxn9JNy8T4kCXZVkKtY5jb1	215nhcAHjQQGgwpQSJQ7zR26etbjjtVdW74NLzwEgQjP	1769197839	buy	10111005000	swaps	true	true	true
215nhcAHjQQGgwpQSJQ7zR26etbjjtVdW74NLzwEgQjP	24h	WHALE_CUM_24H_BUY	1769197998	253864693596	24	jMYn7tumqdmbyMAZyTrDwZShnfwYFF5kPmdv2otf4GKo31HcPYRextPH7TQwU2fHAkVizAosmRT418CywWiGksg	215nhcAHjQQGgwpQSJQ7zR26etbjjtVdW74NLzwEgQjP	1769197998	buy	3041005000	swaps	true	true	true
215nhcAHjQQGgwpQSJQ7zR26etbjjtVdW74NLzwEgQjP	24h	WHALE_CUM_24H_BUY	1769201433	269046772676	25	5oyXH9zV7AGo6jeHAxxcdYu6oZX3C2Le6s4JmdQ97gWnEzGPuYEF3Rt4HAMn8VGZ1usbdmCyqwdNxuuTwCm6A7FL	215nhcAHjQQGgwpQSJQ7zR26etbjjtVdW74NLzwEgQjP	1769201433	buy	15182079080	swaps	true	true	true
215nhcAHjQQGgwpQSJQ7zR26etbjjtVdW74NLzwEgQjP	24h	WHALE_CUM_24H_BUY	1769204289	284209851756	26	4pZUbqyTE867CrxpZ9SVmCUKez2N7Ewz5ib7JwTmxp5Km4h6jbbK1RCWoqc3QXN25JSnRkkunZb9v2ap346GqWH1	215nhcAHjQQGgwpQSJQ7zR26etbjjtVdW74NLzwEgQjP	1769204289	buy	15163079080	swaps	true	true	true
215nhcAHjQQGgwpQSJQ7zR26etbjjtVdW74NLzwEgQjP	24h	WHALE_CUM_24H_BUY	1769205698	290280856756	27	46N1ZeuKuZnRC6DxxvNyS3qUP6CAYfNJ9bMS6qx3MouQMLwAsqk3Wut3AA1xkHcU4NLfQL2it3MTKdLUmVfrcfe8	215nhcAHjQQGgwpQSJQ7zR26etbjjtVdW74NLzwEgQjP	1769205698	buy	6071005000	swaps	true	true	true
215nhcAHjQQGgwpQSJQ7zR26etbjjtVdW74NLzwEgQjP	24h	WHALE_CUM_24H_BUY	1769214068	296370861756	28	2wxvXZMYBa6SEC3c4sm6edw3BaCii49hKHvMrNTmEUi9pgPdJqJU3ktR2BhU5K445hRu2CjwkszeapfQZskV71c3	215nhcAHjQQGgwpQSJQ7zR26etbjjtVdW74NLzwEgQjP	1769214068	buy	6090005000	swaps	true	true	true
215nhcAHjQQGgwpQSJQ7zR26etbjjtVdW74NLzwEgQjP	24h	WHALE_CUM_24H_BUY	1769215003	296375866756	29	63hcp7iueo8ytPKd3WTbRGbsfUTntynpNqghPujptAYW3oiPHCzohGDk8rZHu38cYhDH2u9XtCvU6yaMLfbqNWsY	215nhcAHjQQGgwpQSJQ7zR26etbjjtVdW74NLzwEgQjP	1769215003	buy	5005000	swaps	true	true	true
215nhcAHjQQGgwpQSJQ7zR26etbjjtVdW74NLzwEgQjP	24h	WHALE_CUM_24H_BUY	1769215012	301436871756	30	37FbdE2mwkqeuB9XfFi4a4J8Hq92BaFfvjYjihEmWyDfTRtWRn7uCA1n1xDLQFBuYWxUYUSw4nXemCV7ncDQwgkn	215nhcAHjQQGgwpQSJQ7zR26etbjjtVdW74NLzwEgQjP	1769215012	buy	5061005000	swaps	true	true	true
215nhcAHjQQGgwpQSJQ7zR26etbjjtVdW74NLzwEgQjP	24h	WHALE_CUM_24H_BUY	1769255049	291323792676	29	4WTASG7ZpBhpP8ZZHopBDp66TzQaCDw7sMDP4okDCq5EtVKy2ZcR3AZwwcMByNxV8AEY6G5Ayycm7ZsNgaj3PLX7	215nhcAHjQQGgwpQSJQ7zR26etbjjtVdW74NLzwEgQjP	1769255049	buy	10132079080	swaps	true	true	true
215nhcAHjQQGgwpQSJQ7zR26etbjjtVdW74NLzwEgQjP	24h	WHALE_CUM_24H_BUY	1769264046	294385403006	30	2gtCJiixFJJyxNNAJweigd524NmTuk8k3teNRXG2gyXuuCydqdjALCQ8QNXuvHChcPDgk9YbEBPwXduFMRKpGMpC	215nhcAHjQQGgwpQSJQ7zR26etbjjtVdW74NLzwEgQjP	1769264046	buy	3061610330	swaps	true	true	true
215nhcAHjQQGgwpQSJQ7zR26etbjjtVdW74NLzwEgQjP	24h	WHALE_CUM_24H_BUY	1769265977	304496408006	31	15CeK9ZNH2Wco9FtE8FVUfKLgnNBuK6XonVKaE7WoCVJ5hAFg2EntBvRNrRhKiw7LchsbSyJZgudqnqMZ23DNLn	215nhcAHjQQGgwpQSJQ7zR26etbjjtVdW74NLzwEgQjP	1769265977	buy	10111005000	swaps	true	true	true
215nhcAHjQQGgwpQSJQ7zR26etbjjtVdW74NLzwEgQjP	24h	WHALE_CUM_24H_BUY	1769266377	306529174586	32	5vBiZZBaPAGUrxiFdSuMhopwEnaoiMgugFYDRFQ9bWQw5AyodnF2EkJUeDMbvKM41kdcKEDvtBDZaa8hgasaJH5h	215nhcAHjQQGgwpQSJQ7zR26etbjjtVdW74NLzwEgQjP	1769266377	buy	2032766580	swaps	true	true	true
215nhcAHjQQGgwpQSJQ7zR26etbjjtVdW74NLzwEgQjP	24h	WHALE_CUM_24H_BUY	1769267859	311611253666	33	5pHjjRgf2BW3JUdaxPGW55oieZMwQhD6vssaHYKnP1baxwUkzZTWcHYXZKMzLdWcSSpdABp33oxBXcM1gdaXxB1	215nhcAHjQQGgwpQSJQ7zR26etbjjtVdW74NLzwEgQjP	1769267859	buy	5082079080	swaps	true	true	true
215nhcAHjQQGgwpQSJQ7zR26etbjjtVdW74NLzwEgQjP	24h	WHALE_CUM_24H_BUY	1769267975	321743332746	34	7MB49PQFbP9p8CPf9y79MLXVGgxqg1yLTXJUfxvrqnKsmjP2uHtg3PcWX4Ek3SSvu3tRWGBqMK9T1AQap9Q3NK1	215nhcAHjQQGgwpQSJQ7zR26etbjjtVdW74NLzwEgQjP	1769267975	buy	10132079080	swaps	true	true	true
215nhcAHjQQGgwpQSJQ7zR26etbjjtVdW74NLzwEgQjP	24h	WHALE_CUM_24H_BUY	1769269051	326806411826	35	3A5tbqMHWRK9yEGhYZdDtE2aTo1FwPAZGwbHXCkoD67dmS8M8FAwETZ5gtWbaLCAsP9hvAs3E5gfST6pFDVUWiog	215nhcAHjQQGgwpQSJQ7zR26etbjjtVdW74NLzwEgQjP	1769269051	buy	5063079080	swaps	true	true	true
215nhcAHjQQGgwpQSJQ7zR26etbjjtVdW74NLzwEgQjP	24h	WHALE_CUM_24H_BUY	1769271302	343989490906	36	2AQRr2Q84i4ZjC9VBwk5V1HmiFFU9zX1XfAsBqLUy9hKERDmw88ycNgovx8tAE27iX1Sz9fvJvs4NL2Mbufam4E1	215nhcAHjQQGgwpQSJQ7zR26etbjjtVdW74NLzwEgQjP	1769271302	buy	17183079080	swaps	true	true	true
215nhcAHjQQGgwpQSJQ7zR26etbjjtVdW74NLzwEgQjP	24h	WHALE_CUM_24H_BUY	1769272318	331830805379	35	4Sbh9iUqkWQpkNtTsa7gySiGWBySY8CiUiwTLopHrxSyZfYp6cRYecE9kjwSqFJmGucvuoDUf7Kw2n9jydCgw8nX	215nhcAHjQQGgwpQSJQ7zR26etbjjtVdW74NLzwEgQjP	1769272318	buy	5094586667	swaps	true	true	true
215nhcAHjQQGgwpQSJQ7zR26etbjjtVdW74NLzwEgQjP	24h	WHALE_CUM_24H_BUY	1769273522	321666682019	33	xxsc6qbLmxV23Nuw343zbZNPC8imJvWy8Rj8u4Qw6ETTVZ7WmFQ3mLR1HrNrQBpibgXg5Eh8RJfggqHeVx3b8tq	215nhcAHjQQGgwpQSJQ7zR26etbjjtVdW74NLzwEgQjP	1769273522	buy	10111005000	swaps	true	true	true
215nhcAHjQQGgwpQSJQ7zR26etbjjtVdW74NLzwEgQjP	24h	WHALE_CUM_24H_BUY	1769274583	370167756099	33	QHFeKpSMv3n4F9NkQjoBEvXngpH6gK6vFTHBq86ThcV2fu5L5croaqurRCJpijhDvxXgNN2GmJW9bgoUtpUcNnZ	215nhcAHjQQGgwpQSJQ7zR26etbjjtVdW74NLzwEgQjP	1769274583	buy	50532079080	swaps	true	true	true
215nhcAHjQQGgwpQSJQ7zR26etbjjtVdW74NLzwEgQjP	24h	WHALE_CUM_24H_BUY	1769275399	289348751099	32	3s7WP2vRotJMpdDciegY7kjKjJzR8TTBctkxqqjzzRphQyk1JduTxGTauPQV3t5RkGvMUJefgqwRCAsYNMgqS8Kq	215nhcAHjQQGgwpQSJQ7zR26etbjjtVdW74NLzwEgQjP	1769275399	buy	4051005000	swaps	true	true	true
215nhcAHjQQGgwpQSJQ7zR26etbjjtVdW74NLzwEgQjP	24h	WHALE_CUM_24H_BUY	1769276913	302459785899	32	36EZGeeAHbX2p92YGnvqmXBVphEoW1JJZSbrn27Cx9n6SehSejKRMFfqm96GMXFdeEycXWsgRbf8RqyEDJ7khjF9	215nhcAHjQQGgwpQSJQ7zR26etbjjtVdW74NLzwEgQjP	1769276913	buy	15163079080	swaps	true	true	true
215nhcAHjQQGgwpQSJQ7zR26etbjjtVdW74NLzwEgQjP	24h	WHALE_CUM_24H_BUY	1769277695	327739790899	33	5uNJGZtRY8g6k9bLZQynjX75GxMJtYDyPw1ti7PPa7U7YCT8XsqaVotZErML4sPR9CtscbbUjb1S25yovbhNJsTb	215nhcAHjQQGgwpQSJQ7zR26etbjjtVdW74NLzwEgQjP	1769277695	buy	25280005000	swaps	true	true	true
215nhcAHjQQGgwpQSJQ7zR26etbjjtVdW74NLzwEgQjP	24h	WHALE_CUM_24H_BUY	1769277724	332802835179	34	3DTmmY3XjSCsAZ3UECLFqvJ8EykSnWoaRZKndfjzuPxRcRtjfRZvjsFWsgHYM6zaqK5TniayyYvT1yi8fD4k8krw	215nhcAHjQQGgwpQSJQ7zR26etbjjtVdW74NLzwEgQjP	1769277724	buy	5063044280	swaps	true	true	true
215nhcAHjQQGgwpQSJQ7zR26etbjjtVdW74NLzwEgQjP	24h	WHALE_CUM_24H_BUY	1769286124	250927838657	22	2t2uzurqW3v5oeAuHjxfgeV8C32oFXpFpV2g5YeRsv3DRFhoBhMBEj4hr55mG1as5r9b8DB7KbFhhgu5eFcSVfNd	215nhcAHjQQGgwpQSJQ7zR26etbjjtVdW74NLzwEgQjP	1769286124	buy	25263079080	swaps	true	true	true
215nhcAHjQQGgwpQSJQ7zR26etbjjtVdW74NLzwEgQjP	24h	WHALE_CUM_24H_BUY	1769286250	251948843657	23	3y8hxmMZo7eXcAoX8NjopsDjnCBfkKWb52Sr786gTErWAGhcgmSKti7UAz4WdZSd57rddKX8Ps9hvvg54ora24N1	215nhcAHjQQGgwpQSJQ7zR26etbjjtVdW74NLzwEgQjP	1769286250	buy	1021005000	swaps	true	true	true
215nhcAHjQQGgwpQSJQ7zR26etbjjtVdW74NLzwEgQjP	24h	WHALE_CUM_24H_BUY	1769286512	252988848657	24	2PrUaehEkiLzk5FRQ3RkBdHSEubT1XBHrgyWsCGfRteKRt3f2tBmeK6Wz1TrFzQVqb1d8q1adHHUmeHJ9X6mkKid	215nhcAHjQQGgwpQSJQ7zR26etbjjtVdW74NLzwEgQjP	1769286512	buy	1040005000	swaps	true	true	true
215nhcAHjQQGgwpQSJQ7zR26etbjjtVdW74NLzwEgQjP	24h	WHALE_CUM_24H_BUY	1769286774	258049853657	25	3mkpAtkKvPU1azhA2Lvv613LzjeES33TmGeJfmijtXY8rWoX2iRmNEmGSzAN3Joa87jEraXZzJnRftsxi7XrauHT	215nhcAHjQQGgwpQSJQ7zR26etbjjtVdW74NLzwEgQjP	1769286774	buy	5061005000	swaps	true	true	true
215nhcAHjQQGgwpQSJQ7zR26etbjjtVdW74NLzwEgQjP	24h	WHALE_CUM_24H_BUY	1769286970	260099858657	26	4vnBkexkUur6oYLqjFp4CNswxpeUoKYzVSzn5HSqujuLwwpkbK8ezb23eZ8spc12p1yKVnEb53thGtUyaMUpZ6cJ	215nhcAHjQQGgwpQSJQ7zR26etbjjtVdW74NLzwEgQjP	1769286970	buy	2050005000	swaps	true	true	true
215nhcAHjQQGgwpQSJQ7zR26etbjjtVdW74NLzwEgQjP	24h	WHALE_CUM_24H_BUY	1769287819	284350863657	27	3GpG91WkL5BS5qmVnnzAoGHuspt5FErmCQ7WfkRq56fVFWDXz31Eiz4r3nSQ3fSD9Zj8ikxkKvR38CbrywNnVdmo	215nhcAHjQQGgwpQSJQ7zR26etbjjtVdW74NLzwEgQjP	1769287819	buy	24251005000	swaps	true	true	true
215nhcAHjQQGgwpQSJQ7zR26etbjjtVdW74NLzwEgQjP	24h	WHALE_CUM_24H_BUY	1769290227	271201551157	27	3TAHXFxed3r5omMFFt2GSJZ71EVZ2TCHQpve3oUCk8KMqZbxqQZbziZ6akra7apxKeemBsFVE5ajVCuM5P3mDMyo	215nhcAHjQQGgwpQSJQ7zR26etbjjtVdW74NLzwEgQjP	1769290227	buy	2032766580	swaps	true	true	true
215nhcAHjQQGgwpQSJQ7zR26etbjjtVdW74NLzwEgQjP	24h	WHALE_CUM_24H_BUY	1769290436	273232556157	28	5MYw8t6TxhiJhZ6YMGquvQHPjeP5eeEPVpLdy7JsWoAwcJSeynT2iPRnts7Z3SxgrJRt1RM8Lht5rgDHjXUj3icB	215nhcAHjQQGgwpQSJQ7zR26etbjjtVdW74NLzwEgQjP	1769290436	buy	2031005000	swaps	true	true	true
215nhcAHjQQGgwpQSJQ7zR26etbjjtVdW74NLzwEgQjP	24h	WHALE_CUM_24H_BUY	1769290851	284359482077	28	4dCQZQJ6eB73BLFRXa8qKusXDXvXCETvwPFq5z7HS4WTfYzUZBvWpRy3VASLeS73A87ULFgrcSAvzGadSH77ZyaA	215nhcAHjQQGgwpQSJQ7zR26etbjjtVdW74NLzwEgQjP	1769290851	buy	26290005000	swaps	true	true	true
215nhcAHjQQGgwpQSJQ7zR26etbjjtVdW74NLzwEgQjP	24h	WHALE_CUM_24H_BUY	1769290855	298529487077	29	Vaw8ntZvvRV9T2XAvH5dRJWjCid44utYkzZeEUwFZwmyjuryzm4dGCzCTKMv65dyR2jeN2QRuGJKmc7RH5zaNps	215nhcAHjQQGgwpQSJQ7zR26etbjjtVdW74NLzwEgQjP	1769290855	buy	14170005000	swaps	true	true	true
