window	feature	rows_total	non_null_count	null_count	null_pct
24h	N10_intra_cluster_flow_ratio	262	0	262	1.0000
7d	N10_intra_cluster_flow_ratio	262	0	262	1.0000
lifetime	N10_intra_cluster_flow_ratio	262	0	262	1.0000
24h	N11_whale_enter_recency_sec	262	226	36	0.1374
7d	N11_whale_enter_recency_sec	262	207	55	0.2099
lifetime	N11_whale_enter_recency_sec	262	216	46	0.1756
24h	N12_whale_enter_magnitude_log	262	226	36	0.1374
7d	N12_whale_enter_magnitude_log	262	207	55	0.2099
lifetime	N12_whale_enter_magnitude_log	262	216	46	0.1756
24h	N13_flow_delta_around_enter	262	212	50	0.1908
7d	N13_flow_delta_around_enter	262	207	55	0.2099
lifetime	N13_flow_delta_around_enter	262	216	46	0.1756
24h	N14_token_reentry_rate	262	239	23	0.0878
7d	N14_token_reentry_rate	262	262	0	0.0000
lifetime	N14_token_reentry_rate	262	262	0	0.0000
24h	N15_capital_recycling_ratio	262	224	38	0.1450
7d	N15_capital_recycling_ratio	262	254	8	0.0305
lifetime	N15_capital_recycling_ratio	262	254	8	0.0305
24h	N16_wallet_age_log	262	262	0	0.0000
7d	N16_wallet_age_log	262	262	0	0.0000
lifetime	N16_wallet_age_log	262	262	0	0.0000
24h	N1_tx_rate	262	262	0	0.0000
7d	N1_tx_rate	262	262	0	0.0000
lifetime	N1_tx_rate	262	262	0	0.0000
24h	N2_inflow_rate	262	235	27	0.1031
7d	N2_inflow_rate	262	262	0	0.0000
lifetime	N2_inflow_rate	262	262	0	0.0000
24h	N3_outflow_rate	262	224	38	0.1450
7d	N3_outflow_rate	262	255	7	0.0267
lifetime	N3_outflow_rate	262	255	7	0.0267
24h	N4_token_interaction_rate	262	239	23	0.0878
7d	N4_token_interaction_rate	262	262	0	0.0000
lifetime	N4_token_interaction_rate	262	262	0	0.0000
24h	N5_burstiness_index	262	227	35	0.1336
7d	N5_burstiness_index	262	256	6	0.0229
lifetime	N5_burstiness_index	262	256	6	0.0229
24h	N6_counterparty_rate	262	232	30	0.1145
7d	N6_counterparty_rate	262	261	1	0.0038
lifetime	N6_counterparty_rate	262	261	1	0.0038
24h	N7_counterparty_repetition_ratio	262	232	30	0.1145
7d	N7_counterparty_repetition_ratio	262	261	1	0.0038
lifetime	N7_counterparty_repetition_ratio	262	261	1	0.0038
24h	N8_edge_density_norm	262	227	35	0.1336
7d	N8_edge_density_norm	262	261	1	0.0038
lifetime	N8_edge_density_norm	262	261	1	0.0038
24h	N9_cluster_membership_intensity	262	262	0	0.0000
7d	N9_cluster_membership_intensity	262	262	0	0.0000
lifetime	N9_cluster_membership_intensity	262	262	0	0.0000
