feature	pair	wallets_compared	mean_abs_diff	median_abs_diff	pct_equal
N10_intra_cluster_flow_ratio	24h_vs_7d	0			
N10_intra_cluster_flow_ratio	7d_vs_lifetime	0			
N11_whale_enter_recency_sec	24h_vs_7d	207	93293.0870	83092.0000	0.0097
N11_whale_enter_recency_sec	7d_vs_lifetime	183	98534.4481	67642.0000	0.0219
N12_whale_enter_magnitude_log	24h_vs_7d	207	1.3204	1.3703	0.0048
N12_whale_enter_magnitude_log	7d_vs_lifetime	183	2.5459	2.8423	0.0000
N13_flow_delta_around_enter	24h_vs_7d	199	0.0411	0.0012	0.0050
N13_flow_delta_around_enter	7d_vs_lifetime	183	0.0562	0.0067	0.0219
N14_token_reentry_rate	24h_vs_7d	239	0.0643	0.0397	0.0586
N14_token_reentry_rate	7d_vs_lifetime	262	0.0004	0.0000	0.8359
N15_capital_recycling_ratio	24h_vs_7d	223	0.0597	0.0269	0.0583
N15_capital_recycling_ratio	7d_vs_lifetime	254	0.0002	0.0000	0.8228
N16_wallet_age_log	24h_vs_7d	262	0.0000	0.0000	1.0000
N16_wallet_age_log	7d_vs_lifetime	262	0.0000	0.0000	1.0000
N1_tx_rate	24h_vs_7d	262	0.0022	0.0005	0.0000
N1_tx_rate	7d_vs_lifetime	262	0.0025	0.0015	0.0000
N2_inflow_rate	24h_vs_7d	235	777442591472.5610	238258194895.5380	0.0000
N2_inflow_rate	7d_vs_lifetime	262	906521137440.8933	292343692478.3639	0.0000
N3_outflow_rate	24h_vs_7d	224	756343354286.8226	255276409489.8744	0.0000
N3_outflow_rate	7d_vs_lifetime	255	870732000553.4801	291375626422.3342	0.0000
N4_token_interaction_rate	24h_vs_7d	239	0.0729	0.0351	0.0167
N4_token_interaction_rate	7d_vs_lifetime	262	0.0003	0.0000	0.7863
N5_burstiness_index	24h_vs_7d	227	2.5491	1.7796	0.0088
N5_burstiness_index	7d_vs_lifetime	256	0.0078	0.0000	0.7891
N6_counterparty_rate	24h_vs_7d	232	0.6330	0.3372	0.0043
N6_counterparty_rate	7d_vs_lifetime	261	0.0005	0.0000	0.7701
N7_counterparty_repetition_ratio	24h_vs_7d	232	0.0000	0.0000	1.0000
N7_counterparty_repetition_ratio	7d_vs_lifetime	261	0.0000	0.0000	1.0000
N8_edge_density_norm	24h_vs_7d	227	0.0645	0.0147	0.0044
N8_edge_density_norm	7d_vs_lifetime	261	0.0000	0.0000	0.9579
N9_cluster_membership_intensity	24h_vs_7d	262	0.0000	0.0000	1.0000
N9_cluster_membership_intensity	7d_vs_lifetime	262	0.0000	0.0000	1.0000
