feature	pair	wallets_compared	spearman_r
N10_intra_cluster_flow_ratio	24h_vs_7d	0	
N10_intra_cluster_flow_ratio	7d_vs_lifetime	0	
N11_whale_enter_recency_sec	24h_vs_7d	207	0.8193
N11_whale_enter_recency_sec	7d_vs_lifetime	183	0.6439
N12_whale_enter_magnitude_log	24h_vs_7d	207	0.2328
N12_whale_enter_magnitude_log	7d_vs_lifetime	183	0.0519
N13_flow_delta_around_enter	24h_vs_7d	199	0.1264
N13_flow_delta_around_enter	7d_vs_lifetime	183	0.1662
N14_token_reentry_rate	24h_vs_7d	239	0.6530
N14_token_reentry_rate	7d_vs_lifetime	262	0.9998
N15_capital_recycling_ratio	24h_vs_7d	223	0.4915
N15_capital_recycling_ratio	7d_vs_lifetime	254	0.9998
N16_wallet_age_log	24h_vs_7d	262	1.0000
N16_wallet_age_log	7d_vs_lifetime	262	1.0000
N1_tx_rate	24h_vs_7d	262	0.8806
N1_tx_rate	7d_vs_lifetime	262	1.0000
N2_inflow_rate	24h_vs_7d	235	0.7377
N2_inflow_rate	7d_vs_lifetime	262	0.9999
N3_outflow_rate	24h_vs_7d	224	0.7332
N3_outflow_rate	7d_vs_lifetime	255	0.9998
N4_token_interaction_rate	24h_vs_7d	239	0.7688
N4_token_interaction_rate	7d_vs_lifetime	262	0.9999
N5_burstiness_index	24h_vs_7d	227	0.6571
N5_burstiness_index	7d_vs_lifetime	256	1.0000
N6_counterparty_rate	24h_vs_7d	232	0.7819
N6_counterparty_rate	7d_vs_lifetime	261	1.0000
N7_counterparty_repetition_ratio	24h_vs_7d	232	
N7_counterparty_repetition_ratio	7d_vs_lifetime	261	
N8_edge_density_norm	24h_vs_7d	227	0.7445
N8_edge_density_norm	7d_vs_lifetime	261	1.0000
N9_cluster_membership_intensity	24h_vs_7d	262	
N9_cluster_membership_intensity	7d_vs_lifetime	262	
