window	feature	null_pattern_non_null_count	null_pattern_rows	non_null_pattern_non_null_count	non_null_pattern_rows
24h	N1_tx_rate	186	186	1124	1124
24h	N2_inflow_rate	84	186	1091	1124
24h	N3_outflow_rate	48	186	1072	1124
24h	N4_token_interaction_rate	94	186	1101	1124
24h	N5_burstiness_index	65	186	1070	1124
24h	N6_counterparty_rate	76	186	1084	1124
24h	N7_counterparty_repetition_ratio	76	186	1084	1124
24h	N8_edge_density_norm	63	186	1072	1124
24h	N9_cluster_membership_intensity	186	186	1124	1124
7d	N1_tx_rate	83	83	1227	1227
7d	N2_inflow_rate	83	83	1227	1227
7d	N3_outflow_rate	63	83	1212	1227
7d	N4_token_interaction_rate	83	83	1227	1227
7d	N5_burstiness_index	67	83	1213	1227
7d	N6_counterparty_rate	81	83	1224	1227
7d	N7_counterparty_repetition_ratio	81	83	1224	1227
7d	N8_edge_density_norm	81	83	1224	1227
7d	N9_cluster_membership_intensity	83	83	1227	1227
lifetime	N1_tx_rate	82	82	1490	1490
lifetime	N2_inflow_rate	82	82	1490	1490
lifetime	N3_outflow_rate	63	82	1467	1490
lifetime	N4_token_interaction_rate	82	82	1490	1490
lifetime	N5_burstiness_index	68	82	1468	1490
lifetime	N6_counterparty_rate	80	82	1486	1490
lifetime	N7_counterparty_repetition_ratio	80	82	1486	1490
lifetime	N8_edge_density_norm	80	82	1486	1490
lifetime	N9_cluster_membership_intensity	82	82	1490	1490
