window	metric_group	metric_name	value_int	value_float	notes
24h	coverage	mint_coverage		0.000000	MISSING_COL
24h	coverage	pair_coverage		0.000000	MISSING_COL
24h	coverage	wallet_coverage		0.000000	NO_WINDOW_COL
24h	overlap	cohort_mints	0		MISSING_COL
24h	overlap	cohort_pairs	0		MISSING_COL
24h	overlap	cohort_wallets	9241		NO_WINDOW_COL
24h	overlap	flow_mints	0		MISSING_COL
24h	overlap	flow_pairs	0		MISSING_COL
24h	overlap	flow_wallets	0		NO_WINDOW_COL
24h	overlap	overlap_mints	0		MISSING_COL
24h	overlap	overlap_pairs	0		MISSING_COL
24h	overlap	overlap_wallets	0		NO_WINDOW_COL
24h	table_stats	cohort_members.distinct_mints	0		MISSING_COL
24h	table_stats	cohort_members.distinct_wallets	9241		NO_WINDOW_COL
24h	table_stats	cohort_members.row_count	21939		NO_WINDOW_COL
24h	table_stats	cohorts.distinct_mints	1486		NO_WINDOW_COL
24h	table_stats	cohorts.row_count	3608		NO_WINDOW_COL
24h	table_stats	wallet_token_flow.distinct_mints	0		
24h	table_stats	wallet_token_flow.distinct_pairs	0		
24h	table_stats	wallet_token_flow.distinct_wallets	0		
24h	table_stats	wallet_token_flow.row_count	0		
7d	coverage	mint_coverage		0.000000	MISSING_COL
7d	coverage	pair_coverage		0.000000	MISSING_COL
7d	coverage	wallet_coverage		0.000000	NO_WINDOW_COL
7d	overlap	cohort_mints	0		MISSING_COL
7d	overlap	cohort_pairs	0		MISSING_COL
7d	overlap	cohort_wallets	9241		NO_WINDOW_COL
7d	overlap	flow_mints	0		MISSING_COL
7d	overlap	flow_pairs	0		MISSING_COL
7d	overlap	flow_wallets	0		NO_WINDOW_COL
7d	overlap	overlap_mints	0		MISSING_COL
7d	overlap	overlap_pairs	0		MISSING_COL
7d	overlap	overlap_wallets	0		NO_WINDOW_COL
7d	table_stats	cohort_members.distinct_mints	0		MISSING_COL
7d	table_stats	cohort_members.distinct_wallets	9241		NO_WINDOW_COL
7d	table_stats	cohort_members.row_count	21939		NO_WINDOW_COL
7d	table_stats	cohorts.distinct_mints	1486		NO_WINDOW_COL
7d	table_stats	cohorts.row_count	3608		NO_WINDOW_COL
7d	table_stats	wallet_token_flow.distinct_mints	0		
7d	table_stats	wallet_token_flow.distinct_pairs	0		
7d	table_stats	wallet_token_flow.distinct_wallets	0		
7d	table_stats	wallet_token_flow.row_count	0		
lifetime	coverage	mint_coverage		0.000000	MISSING_COL
lifetime	coverage	pair_coverage		0.000000	MISSING_COL
lifetime	coverage	wallet_coverage		0.000000	NO_WINDOW_COL
lifetime	overlap	cohort_mints	0		MISSING_COL
lifetime	overlap	cohort_pairs	0		MISSING_COL
lifetime	overlap	cohort_wallets	9241		NO_WINDOW_COL
lifetime	overlap	flow_mints	0		MISSING_COL
lifetime	overlap	flow_pairs	0		MISSING_COL
lifetime	overlap	flow_wallets	0		NO_WINDOW_COL
lifetime	overlap	overlap_mints	0		MISSING_COL
lifetime	overlap	overlap_pairs	0		MISSING_COL
lifetime	overlap	overlap_wallets	0		NO_WINDOW_COL
lifetime	table_stats	cohort_members.distinct_mints	0		MISSING_COL
lifetime	table_stats	cohort_members.distinct_wallets	9241		NO_WINDOW_COL
lifetime	table_stats	cohort_members.row_count	21939		NO_WINDOW_COL
lifetime	table_stats	cohorts.distinct_mints	1486		NO_WINDOW_COL
lifetime	table_stats	cohorts.row_count	3608		NO_WINDOW_COL
lifetime	table_stats	wallet_token_flow.distinct_mints	0		
lifetime	table_stats	wallet_token_flow.distinct_pairs	0		
lifetime	table_stats	wallet_token_flow.distinct_wallets	0		
lifetime	table_stats	wallet_token_flow.row_count	0		
