table_name	column_name	type
cluster_runs	cluster_run_id	TEXT
cluster_runs	window_kind	TEXT
cluster_runs	window_start_ts	INTEGER
cluster_runs	window_end_ts	INTEGER
cluster_runs	algo	TEXT
cluster_runs	params_json	TEXT
cluster_runs	wallet_count	INTEGER
cluster_runs	created_at	INTEGER
cohort_members	cohort_id	TEXT
cohort_members	wallet	TEXT
cohort_members	role_hint	TEXT
cohort_members	inflow_raw	INTEGER
cohort_members	outflow_raw	INTEGER
cohort_members	degree_in	INTEGER
cohort_members	degree_out	INTEGER
cohorts	cohort_id	TEXT
cohorts	mint	TEXT
cohorts	scope_kind	TEXT
cohorts	window_kind	TEXT
cohorts	window_start_ts	INTEGER
cohorts	window_end_ts	INTEGER
cohorts	member_count	INTEGER
cohorts	edge_density	REAL
cohorts	internal_flow_raw	INTEGER
cohorts	external_flow_raw	INTEGER
cohorts	cohort_score	REAL
cohorts	created_at	INTEGER
cohorts	updated_at	INTEGER
files	file_path	TEXT
files	file_name	TEXT
files	file_size	INTEGER
files	mtime	INTEGER
files	sha256	TEXT
files	ingested_at	INTEGER
phase2_runs	run_id	TEXT
phase2_runs	component	TEXT
phase2_runs	window_kind	TEXT
phase2_runs	window_start_ts	INTEGER
phase2_runs	window_end_ts	INTEGER
phase2_runs	input_counts_json	TEXT
phase2_runs	output_counts_json	TEXT
phase2_runs	created_at	INTEGER
recycling_flags	wallet	TEXT
recycling_flags	mint	TEXT
recycling_flags	window_kind	TEXT
recycling_flags	window_start_ts	INTEGER
recycling_flags	window_end_ts	INTEGER
recycling_flags	pattern_kind	TEXT
recycling_flags	pattern_id	TEXT
recycling_flags	evidence_json	TEXT
recycling_flags	severity	REAL
recycling_flags	first_seen_ts	INTEGER
recycling_flags	last_seen_ts	INTEGER
recycling_flags	updated_at	INTEGER
spl_transfers	id	INTEGER
spl_transfers	scan_wallet	TEXT
spl_transfers	signature	TEXT
spl_transfers	direction	TEXT
spl_transfers	mint	TEXT
spl_transfers	amount	TEXT
spl_transfers	from_addr	TEXT
spl_transfers	to_addr	TEXT
spl_transfers	raw_json	TEXT
spl_transfers	ingested_at	INTEGER
spl_transfers	block_time	INTEGER
spl_transfers	slot	INTEGER
spl_transfers	backfill_status	TEXT
spl_transfers	backfill_reason	TEXT
spl_transfers_v2	signature	TEXT
spl_transfers_v2	ix_index	INTEGER
spl_transfers_v2	event_index	INTEGER
spl_transfers_v2	scan_wallet	TEXT
spl_transfers_v2	block_time	INTEGER
spl_transfers_v2	slot	INTEGER
spl_transfers_v2	program_id	TEXT
spl_transfers_v2	token_program_kind	TEXT
spl_transfers_v2	instruction_type	TEXT
spl_transfers_v2	source_owner	TEXT
spl_transfers_v2	from_addr	TEXT
spl_transfers_v2	to_addr	TEXT
spl_transfers_v2	mint	TEXT
spl_transfers_v2	amount_raw	TEXT
spl_transfers_v2	decimals	INTEGER
spl_transfers_v2	authority	TEXT
spl_transfers_v2	multisig_signers_json	TEXT
spl_transfers_v2	accounts_json	TEXT
spl_transfers_v2	ix_data_b64	TEXT
spl_transfers_v2	decode_status	TEXT
spl_transfers_v2	decode_error	TEXT
spl_transfers_v2	created_at	INTEGER
sqlite_sequence	name	
sqlite_sequence	seq	
swaps	id	INTEGER
swaps	scan_wallet	TEXT
swaps	signature	TEXT
swaps	block_time	INTEGER
swaps	dex	TEXT
swaps	in_mint	TEXT
swaps	in_amount_raw	TEXT
swaps	out_mint	TEXT
swaps	out_amount_raw	TEXT
swaps	has_sol_leg	INTEGER
swaps	sol_direction	TEXT
swaps	sol_amount_lamports	INTEGER
swaps	token_mint	TEXT
swaps	token_amount_raw	TEXT
tx	id	INTEGER
tx	scan_wallet	TEXT
tx	signature	TEXT
tx	block_time	INTEGER
tx	slot	INTEGER
tx	tx_index	INTEGER
tx	version	INTEGER
tx	pre_balance_sol	REAL
tx	post_balance_sol	REAL
tx	balance_delta_sol	REAL
tx	spl_in_count	INTEGER
tx	spl_out_count	INTEGER
tx	err	TEXT
tx	source_file	TEXT
tx	raw_json	TEXT
tx	ingested_at	INTEGER
wallet_clusters	scan_wallet	TEXT
wallet_clusters	window	TEXT
wallet_clusters	cluster_id	INTEGER
wallet_clusters	created_at_utc	INTEGER
wallet_edges	src_wallet	TEXT
wallet_edges	dst_wallet	TEXT
wallet_edges	edge_type	TEXT
wallet_edges	weight	INTEGER
wallet_edges	window	TEXT
wallet_edges	created_at_utc	INTEGER
wallet_features	scan_wallet	TEXT
wallet_features	window	TEXT
wallet_features	tx_count_total	INTEGER
wallet_features	sol_volume_total	INTEGER
wallet_features	created_at_utc	INTEGER
wallet_token_flow	signature	TEXT
wallet_token_flow	scan_wallet	TEXT
wallet_token_flow	block_time	INTEGER
wallet_token_flow	dex	TEXT
wallet_token_flow	token_mint	TEXT
wallet_token_flow	token_amount_raw	INTEGER
wallet_token_flow	flow_direction	TEXT
wallet_token_flow	sol_direction	TEXT
wallet_token_flow	sol_amount_lamports	INTEGER
wallet_token_flow	source_table	TEXT
wallet_token_flow	created_at	INTEGER
wallets	wallet_address	TEXT
wallets	wallet_label	TEXT
whale_events	event_id	TEXT
whale_events	wallet	TEXT
whale_events	mint	TEXT
whale_events	ts	INTEGER
whale_events	signature	TEXT
whale_events	ix_index	INTEGER
whale_events	direction	TEXT
whale_events	amount_raw	INTEGER
whale_events	rule_kind	TEXT
whale_events	threshold_raw	INTEGER
whale_events	window_start_ts	INTEGER
whale_events	window_end_ts	INTEGER
whale_events	notes	TEXT
whale_events	created_at	INTEGER
whale_states	wallet	TEXT
whale_states	mint	TEXT
whale_states	state_kind	TEXT
whale_states	window_kind	TEXT
whale_states	window_start_ts	INTEGER
whale_states	window_end_ts	INTEGER
whale_states	is_active	INTEGER
whale_states	entered_at	INTEGER
whale_states	last_event_at	INTEGER
whale_states	last_amount_raw	INTEGER
whale_states	updated_at	INTEGER
