{
  "OVERALL_PASS": true,
  "all_tables": [
    "cluster_runs",
    "cohort_members",
    "cohorts",
    "files",
    "phase2_runs",
    "recycling_flags",
    "spl_transfers",
    "spl_transfers_v2",
    "sqlite_sequence",
    "swaps",
    "tx",
    "wallet_clusters",
    "wallet_edges",
    "wallet_features",
    "wallet_token_flow",
    "wallets",
    "whale_events",
    "whale_states"
  ],
  "contamination_findings": [],
  "db_file_path": "masterwalletsdb.db",
  "detected_semantic_columns": [],
  "duplication_counts": [
    {
      "check_name": "swaps_signature_dupes",
      "duplicate_group_count": 0,
      "key_expression": "signature",
      "sample_key": null,
      "table_name": "swaps"
    },
    {
      "check_name": "wtf_composite_dupes",
      "duplicate_group_count": 0,
      "key_expression": "signature, scan_wallet, token_mint, flow_direction, sol_amount_lamports",
      "sample_key": null,
      "table_name": "wallet_token_flow"
    }
  ],
  "file_size_bytes": 7411900416,
  "inspections": {
    "block_0_snapshot_integrity": {
      "pass": true,
      "swaps_exists_nonempty": true,
      "wallet_token_flow_exists_nonempty": true
    },
    "block_1_dependency_map": {
      "pass": true,
      "swaps_schema_ok": true,
      "total_columns_indexed": 175,
      "wallet_token_flow_schema_ok": true
    },
    "block_2_semantics": {
      "pass": true,
      "required_columns_found": 3,
      "required_columns_total": 3,
      "table_exists": true
    },
    "block_3_windowability": {
      "has_valid_time_column": true,
      "pass": true,
      "time_columns_analyzed": 2
    },
    "block_4_uniqueness": {
      "checks_performed": 2,
      "pass": true
    },
    "block_5_unit_sanity": {
      "has_any_usd_column": false,
      "pass": true,
      "usd_columns_found": 0
    },
    "block_6_contamination": {
      "contaminated_tables": 0,
      "pass": true
    }
  },
  "mtime_utc_iso": "2026-02-03T21:31:05.179266+00:00",
  "row_counts": {
    "cohort_members": 21939,
    "cohorts": 3608,
    "recycling_flags": 0,
    "swaps": 319343,
    "wallet_clusters": 0,
    "wallet_edges": 0,
    "wallet_features": 0,
    "wallet_token_flow": 319343,
    "wallets": 271,
    "whale_events": 0,
    "whale_states": 0
  },
  "semantic_map": {
    "block_time": {
      "actual_name": "block_time",
      "exists": true
    },
    "direction": {
      "actual_name": "flow_direction",
      "exists": true
    },
    "scan_wallet": {
      "actual_name": "scan_wallet",
      "exists": true
    },
    "signature": {
      "actual_name": "signature",
      "exists": true
    },
    "sol_amount": {
      "actual_name": "sol_amount_lamports",
      "exists": true
    },
    "sol_amount_lamports": {
      "actual_name": "sol_amount_lamports",
      "exists": true
    },
    "sol_amount_raw": {
      "actual_name": null,
      "exists": false
    },
    "sol_direction": {
      "actual_name": "sol_direction",
      "exists": true
    },
    "token_amount": {
      "actual_name": "token_amount_raw",
      "exists": true
    },
    "token_amount_raw": {
      "actual_name": "token_amount_raw",
      "exists": true
    },
    "token_mint": {
      "actual_name": "token_mint",
      "exists": true
    }
  },
  "sha256": "5fc3025568bbb25c20c4b83ef4ecc7ef38cd64bec50c3f53e6dcfb9d07190be5",
  "timestamp_audit": [
    {
      "max_value": 1769745193,
      "min_value": 1769135881,
      "non_null_count": 319343,
      "null_count": 0,
      "outlier_count": 0,
      "time_column": "block_time"
    },
    {
      "max_value": 1769745193,
      "min_value": 1769135881,
      "non_null_count": 319343,
      "null_count": 0,
      "outlier_count": 0,
      "time_column": "block_time"
    }
  ],
  "unit_sanity_findings": []
}