table_name	required_column	exists
swaps	scan_wallet	1
swaps	signature	1
swaps	block_time	1
spl_transfers_v2	scan_wallet	1
spl_transfers_v2	signature	1
spl_transfers_v2	block_time	1
spl_transfers_v2	event_time	0
spl_transfers_v2	amount_raw	1
spl_transfers_v2	mint	1
wallet_token_flow	wallet	0
wallet_token_flow	scan_wallet	1
wallet_token_flow	block_time	1
wallet_token_flow	event_time	0
wallet_token_flow	direction	0
wallet_token_flow	mint	0
wallet_token_flow	amount_raw	0
wallet_token_flow	signature	1
wallet_edges	window	1
wallet_edges	src_wallet	1
wallet_edges	dst_wallet	1
wallet_edges	wallet	0
wallet_edges	counterparty	0
wallet_edges	edge_time	0
wallet_edges	block_time	0
whale_transitions	wallet	1
whale_transitions	window	1
whale_transitions	side	1
whale_transitions	event_time	1
whale_transitions	amount_lamports	1
whale_transitions	supporting_flow_count	1
whale_transitions	flow_ref	1
