table_name	column_name	type	notnull	pk
cluster_runs	cluster_run_id	TEXT	0	1
cluster_runs	window_kind	TEXT	1	0
cluster_runs	window_start_ts	INTEGER	1	0
cluster_runs	window_end_ts	INTEGER	1	0
cluster_runs	algo	TEXT	1	0
cluster_runs	params_json	TEXT	1	0
cluster_runs	wallet_count	INTEGER	1	0
cluster_runs	created_at	INTEGER	1	0
cohort_members	cohort_id	TEXT	1	1
cohort_members	wallet	TEXT	1	2
cohort_members	role_hint	TEXT	0	0
cohort_members	inflow_raw	INTEGER	0	0
cohort_members	outflow_raw	INTEGER	0	0
cohort_members	degree_in	INTEGER	0	0
cohort_members	degree_out	INTEGER	0	0
cohorts	cohort_id	TEXT	0	1
cohorts	mint	TEXT	0	0
cohorts	scope_kind	TEXT	1	0
cohorts	window_kind	TEXT	1	0
cohorts	window_start_ts	INTEGER	1	0
cohorts	window_end_ts	INTEGER	1	0
cohorts	member_count	INTEGER	1	0
cohorts	edge_density	REAL	0	0
cohorts	internal_flow_raw	INTEGER	0	0
cohorts	external_flow_raw	INTEGER	0	0
cohorts	cohort_score	REAL	0	0
cohorts	created_at	INTEGER	1	0
cohorts	updated_at	INTEGER	1	0
files	file_path	TEXT	0	1
files	file_name	TEXT	0	0
files	file_size	INTEGER	0	0
files	mtime	INTEGER	0	0
files	sha256	TEXT	0	0
files	ingested_at	INTEGER	0	0
phase2_runs	run_id	TEXT	0	1
phase2_runs	component	TEXT	1	0
phase2_runs	window_kind	TEXT	1	0
phase2_runs	window_start_ts	INTEGER	1	0
phase2_runs	window_end_ts	INTEGER	1	0
phase2_runs	input_counts_json	TEXT	1	0
phase2_runs	output_counts_json	TEXT	1	0
phase2_runs	created_at	INTEGER	1	0
recycling_flags	wallet	TEXT	1	1
recycling_flags	mint	TEXT	1	2
recycling_flags	window_kind	TEXT	1	3
recycling_flags	window_start_ts	INTEGER	1	4
recycling_flags	window_end_ts	INTEGER	1	5
recycling_flags	pattern_kind	TEXT	1	6
recycling_flags	pattern_id	TEXT	1	7
recycling_flags	evidence_json	TEXT	1	0
recycling_flags	severity	REAL	1	0
recycling_flags	first_seen_ts	INTEGER	0	0
recycling_flags	last_seen_ts	INTEGER	0	0
recycling_flags	updated_at	INTEGER	1	0
spl_transfers	id	INTEGER	0	1
spl_transfers	scan_wallet	TEXT	1	0
spl_transfers	signature	TEXT	1	0
spl_transfers	direction	TEXT	1	0
spl_transfers	mint	TEXT	0	0
spl_transfers	amount	TEXT	0	0
spl_transfers	from_addr	TEXT	0	0
spl_transfers	to_addr	TEXT	0	0
spl_transfers	raw_json	TEXT	1	0
spl_transfers	ingested_at	INTEGER	1	0
spl_transfers	block_time	INTEGER	0	0
spl_transfers	slot	INTEGER	0	0
spl_transfers	backfill_status	TEXT	0	0
spl_transfers	backfill_reason	TEXT	0	0
spl_transfers_v2	signature	TEXT	1	0
spl_transfers_v2	ix_index	INTEGER	1	0
spl_transfers_v2	event_index	INTEGER	1	0
spl_transfers_v2	scan_wallet	TEXT	0	0
spl_transfers_v2	block_time	INTEGER	0	0
spl_transfers_v2	slot	INTEGER	0	0
spl_transfers_v2	program_id	TEXT	1	0
spl_transfers_v2	token_program_kind	TEXT	1	0
spl_transfers_v2	instruction_type	TEXT	1	0
spl_transfers_v2	source_owner	TEXT	0	0
spl_transfers_v2	from_addr	TEXT	0	0
spl_transfers_v2	to_addr	TEXT	0	0
spl_transfers_v2	mint	TEXT	0	0
spl_transfers_v2	amount_raw	TEXT	0	0
spl_transfers_v2	decimals	INTEGER	0	0
spl_transfers_v2	authority	TEXT	0	0
spl_transfers_v2	multisig_signers_json	TEXT	0	0
spl_transfers_v2	accounts_json	TEXT	1	0
spl_transfers_v2	ix_data_b64	TEXT	1	0
spl_transfers_v2	decode_status	TEXT	1	0
spl_transfers_v2	decode_error	TEXT	0	0
spl_transfers_v2	created_at	INTEGER	1	0
sqlite_sequence	name		0	0
sqlite_sequence	seq		0	0
swaps	id	INTEGER	0	1
swaps	scan_wallet	TEXT	1	0
swaps	signature	TEXT	1	0
swaps	block_time	INTEGER	0	0
swaps	dex	TEXT	0	0
swaps	in_mint	TEXT	0	0
swaps	in_amount_raw	TEXT	0	0
swaps	out_mint	TEXT	0	0
swaps	out_amount_raw	TEXT	0	0
swaps	has_sol_leg	INTEGER	1	0
swaps	sol_direction	TEXT	0	0
swaps	sol_amount_lamports	INTEGER	0	0
swaps	token_mint	TEXT	0	0
swaps	token_amount_raw	TEXT	0	0
tx	id	INTEGER	0	1
tx	scan_wallet	TEXT	1	0
tx	signature	TEXT	1	0
tx	block_time	INTEGER	0	0
tx	slot	INTEGER	0	0
tx	tx_index	INTEGER	0	0
tx	version	INTEGER	0	0
tx	pre_balance_sol	REAL	0	0
tx	post_balance_sol	REAL	0	0
tx	balance_delta_sol	REAL	0	0
tx	spl_in_count	INTEGER	0	0
tx	spl_out_count	INTEGER	0	0
tx	err	TEXT	0	0
tx	source_file	TEXT	0	0
tx	raw_json	TEXT	1	0
tx	ingested_at	INTEGER	1	0
wallet_clusters	scan_wallet	TEXT	1	1
wallet_clusters	window	TEXT	1	2
wallet_clusters	cluster_id	INTEGER	1	0
wallet_clusters	created_at_utc	INTEGER	1	0
wallet_edges	src_wallet	TEXT	1	1
wallet_edges	dst_wallet	TEXT	1	2
wallet_edges	edge_type	TEXT	1	3
wallet_edges	weight	INTEGER	1	0
wallet_edges	window	TEXT	1	4
wallet_edges	created_at_utc	INTEGER	1	0
wallet_features	scan_wallet	TEXT	1	1
wallet_features	window	TEXT	1	2
wallet_features	tx_count_total	INTEGER	1	0
wallet_features	sol_volume_total	INTEGER	1	0
wallet_features	created_at_utc	INTEGER	1	0
wallet_token_flow	signature	TEXT	1	1
wallet_token_flow	scan_wallet	TEXT	1	2
wallet_token_flow	block_time	INTEGER	1	0
wallet_token_flow	dex	TEXT	0	0
wallet_token_flow	token_mint	TEXT	1	3
wallet_token_flow	token_amount_raw	INTEGER	1	0
wallet_token_flow	flow_direction	TEXT	1	4
wallet_token_flow	sol_direction	TEXT	1	0
wallet_token_flow	sol_amount_lamports	INTEGER	0	0
wallet_token_flow	source_table	TEXT	1	0
wallet_token_flow	created_at	INTEGER	1	0
wallets	wallet_address	TEXT	0	1
wallets	wallet_label	TEXT	0	0
whale_events	wallet	TEXT	1	0
whale_events	window	TEXT	1	0
whale_events	event_time	INTEGER	1	0
whale_events	event_type	TEXT	1	0
whale_events	sol_amount_lamports	INTEGER	1	0
whale_events	supporting_flow_count	INTEGER	1	0
whale_events	flow_ref	TEXT	0	0
whale_events	created_at	INTEGER	1	0
whale_states	wallet	TEXT	1	1
whale_states	window	TEXT	1	2
whale_states	side	TEXT	1	3
whale_states	asof_time	INTEGER	1	0
whale_states	amount_lamports	INTEGER	1	0
whale_states	supporting_flow_count	INTEGER	1	0
whale_states	flow_ref	TEXT	1	0
whale_states	first_seen_time	INTEGER	1	0
whale_states	first_seen_flow_ref	TEXT	1	0
whale_states	is_whale	INTEGER	1	0
whale_transitions	wallet	TEXT	1	1
whale_transitions	window	TEXT	1	2
whale_transitions	side	TEXT	1	3
whale_transitions	transition_type	TEXT	1	4
whale_transitions	event_time	INTEGER	1	0
whale_transitions	amount_lamports	INTEGER	1	0
whale_transitions	supporting_flow_count	INTEGER	1	0
whale_transitions	flow_ref	TEXT	1	0
