slice_id	solo_type	commitment_bucket	timing_bucket	profit_source_bucket	n	win_rate	median_profit	early_median_profit	late_median_profit	p25_profit	p75_profit	survives_slice
A|SOLO_ALL|ALL|ALL|ALL	SOLO_ALL	ALL	ALL	ALL	1859	0.35610543302850994	-0.138714224	-0.1758264195	-0.098012547	-0.504746075	0.152584199	False
A|SOLO_ALL|INSTANT|ALL|ALL	SOLO_ALL	ALL	INSTANT	ALL	1799	0.3346303501945525	-0.156269006	-0.1927696055	-0.10812649	-0.529745303	0.122725113	False
A|SOLO_ALL|INSTANT|COMMITTED|ALL	SOLO_ALL	COMMITTED	INSTANT	ALL	1771	0.33992094861660077	-0.155917425	-0.1927696055	-0.106942901	-0.513547719	0.135650076	False
A|SOLO_ALL|INSTANT|ONE_SHOT|ALL	SOLO_ALL	ONE_SHOT	INSTANT	ALL	28	0.0	-2.268620286	-1.1583908075	-2.895945286	-5.04775298	-0.0092830445	False
A|SOLO_ALL|INSTANT|OTHER_TC|ALL	SOLO_ALL	OTHER_TC	INSTANT	ALL	0							False
A|SOLO_ALL|QUICK|ALL|ALL	SOLO_ALL	ALL	QUICK	ALL	0							False
A|SOLO_ALL|QUICK|COMMITTED|ALL	SOLO_ALL	COMMITTED	QUICK	ALL	0							False
A|SOLO_ALL|QUICK|ONE_SHOT|ALL	SOLO_ALL	ONE_SHOT	QUICK	ALL	0							False
A|SOLO_ALL|QUICK|OTHER_TC|ALL	SOLO_ALL	OTHER_TC	QUICK	ALL	0							False
A|SOLO_ALL|LATE|ALL|ALL	SOLO_ALL	ALL	LATE	ALL	2	1.0	10.586901316697492	10.586901316697492		8.284241840348747	12.88956079304624	False
A|SOLO_ALL|LATE|COMMITTED|ALL	SOLO_ALL	COMMITTED	LATE	ALL	2	1.0	10.586901316697492	10.586901316697492		8.284241840348747	12.88956079304624	False
A|SOLO_ALL|LATE|ONE_SHOT|ALL	SOLO_ALL	ONE_SHOT	LATE	ALL	0							False
A|SOLO_ALL|LATE|OTHER_TC|ALL	SOLO_ALL	OTHER_TC	LATE	ALL	0							False
A|SOLO_ALL|UNKNOWN|ALL|ALL	SOLO_ALL	ALL	UNKNOWN	ALL	58	1.0	0.513710396	0.228465731	0.6373012805	0.0203878	2.62226890975	False
A|SOLO_ALL|UNKNOWN|COMMITTED|ALL	SOLO_ALL	COMMITTED	UNKNOWN	ALL	3	1.0	12.27099375	7.7070708581974925	12.27099375	6.2464575985	13.731607009697493	False
A|SOLO_ALL|UNKNOWN|ONE_SHOT|ALL	SOLO_ALL	ONE_SHOT	UNKNOWN	ALL	55	1.0	0.511434422	0.212065881	0.578138517	0.014269960000000002	2.3285821125000004	False
A|SOLO_ALL|UNKNOWN|OTHER_TC|ALL	SOLO_ALL	OTHER_TC	UNKNOWN	ALL	0							False
A|SOLO_ALL|ALL|COMMITTED|ALL	SOLO_ALL	COMMITTED	ALL	ALL	1776	0.34177927927927926	-0.15518913699999998	-0.1911491815	-0.10618147850000001	-0.51293762	0.13989737275000003	False
A|SOLO_ALL|ALL|ONE_SHOT|ALL	SOLO_ALL	ONE_SHOT	ALL	ALL	83	0.6626506024096386	0.00815212	0.0030170705	0.148447417	-0.009036332000000001	0.8240308190000001	False
A|SOLO_ALL|ALL|OTHER_TC|ALL	SOLO_ALL	OTHER_TC	ALL	ALL	0							False
A|SOLO_ALL|INSTANT|COMMITTED|SOL_ONLY	SOLO_ALL	COMMITTED	INSTANT	SOL_ONLY	0							False
A|SOLO_ALL|INSTANT|COMMITTED|MIXED	SOLO_ALL	COMMITTED	INSTANT	MIXED	1771	0.33992094861660077	-0.155917425	-0.1927696055	-0.106942901	-0.513547719	0.135650076	False
A|SOLO_ALL|INSTANT|ONE_SHOT|SOL_ONLY	SOLO_ALL	ONE_SHOT	INSTANT	SOL_ONLY	0							False
A|SOLO_ALL|INSTANT|ONE_SHOT|MIXED	SOLO_ALL	ONE_SHOT	INSTANT	MIXED	28	0.0	-2.268620286	-1.1583908075	-2.895945286	-5.04775298	-0.0092830445	False
A|SOLO_ALL|INSTANT|OTHER_TC|SOL_ONLY	SOLO_ALL	OTHER_TC	INSTANT	SOL_ONLY	0							False
A|SOLO_ALL|INSTANT|OTHER_TC|MIXED	SOLO_ALL	OTHER_TC	INSTANT	MIXED	0							False
A|SOLO_ALL|QUICK|COMMITTED|SOL_ONLY	SOLO_ALL	COMMITTED	QUICK	SOL_ONLY	0							False
A|SOLO_ALL|QUICK|COMMITTED|MIXED	SOLO_ALL	COMMITTED	QUICK	MIXED	0							False
A|SOLO_ALL|QUICK|ONE_SHOT|SOL_ONLY	SOLO_ALL	ONE_SHOT	QUICK	SOL_ONLY	0							False
A|SOLO_ALL|QUICK|ONE_SHOT|MIXED	SOLO_ALL	ONE_SHOT	QUICK	MIXED	0							False
A|SOLO_ALL|QUICK|OTHER_TC|SOL_ONLY	SOLO_ALL	OTHER_TC	QUICK	SOL_ONLY	0							False
A|SOLO_ALL|QUICK|OTHER_TC|MIXED	SOLO_ALL	OTHER_TC	QUICK	MIXED	0							False
A|SOLO_ALL|LATE|COMMITTED|SOL_ONLY	SOLO_ALL	COMMITTED	LATE	SOL_ONLY	0							False
A|SOLO_ALL|LATE|COMMITTED|MIXED	SOLO_ALL	COMMITTED	LATE	MIXED	2	1.0	10.586901316697492	10.586901316697492		8.284241840348747	12.88956079304624	False
A|SOLO_ALL|LATE|ONE_SHOT|SOL_ONLY	SOLO_ALL	ONE_SHOT	LATE	SOL_ONLY	0							False
A|SOLO_ALL|LATE|ONE_SHOT|MIXED	SOLO_ALL	ONE_SHOT	LATE	MIXED	0							False
A|SOLO_ALL|LATE|OTHER_TC|SOL_ONLY	SOLO_ALL	OTHER_TC	LATE	SOL_ONLY	0							False
A|SOLO_ALL|LATE|OTHER_TC|MIXED	SOLO_ALL	OTHER_TC	LATE	MIXED	0							False
A|SOLO_ALL|UNKNOWN|COMMITTED|SOL_ONLY	SOLO_ALL	COMMITTED	UNKNOWN	SOL_ONLY	0							False
A|SOLO_ALL|UNKNOWN|COMMITTED|MIXED	SOLO_ALL	COMMITTED	UNKNOWN	MIXED	3	1.0	12.27099375	7.7070708581974925	12.27099375	6.2464575985	13.731607009697493	False
A|SOLO_ALL|UNKNOWN|ONE_SHOT|SOL_ONLY	SOLO_ALL	ONE_SHOT	UNKNOWN	SOL_ONLY	0							False
A|SOLO_ALL|UNKNOWN|ONE_SHOT|MIXED	SOLO_ALL	ONE_SHOT	UNKNOWN	MIXED	55	1.0	0.511434422	0.212065881	0.578138517	0.014269960000000002	2.3285821125000004	False
A|SOLO_ALL|UNKNOWN|OTHER_TC|SOL_ONLY	SOLO_ALL	OTHER_TC	UNKNOWN	SOL_ONLY	0							False
A|SOLO_ALL|UNKNOWN|OTHER_TC|MIXED	SOLO_ALL	OTHER_TC	UNKNOWN	MIXED	0							False
A|SOLO_TRUE|ALL|ALL|ALL	SOLO_TRUE	ALL	ALL	ALL	1859	0.35610543302850994	-0.138714224	-0.1758264195	-0.098012547	-0.504746075	0.152584199	False
A|SOLO_TRUE|INSTANT|ALL|ALL	SOLO_TRUE	ALL	INSTANT	ALL	1799	0.3346303501945525	-0.156269006	-0.1927696055	-0.10812649	-0.529745303	0.122725113	False
A|SOLO_TRUE|INSTANT|COMMITTED|ALL	SOLO_TRUE	COMMITTED	INSTANT	ALL	1771	0.33992094861660077	-0.155917425	-0.1927696055	-0.106942901	-0.513547719	0.135650076	False
A|SOLO_TRUE|INSTANT|ONE_SHOT|ALL	SOLO_TRUE	ONE_SHOT	INSTANT	ALL	28	0.0	-2.268620286	-1.1583908075	-2.895945286	-5.04775298	-0.0092830445	False
A|SOLO_TRUE|INSTANT|OTHER_TC|ALL	SOLO_TRUE	OTHER_TC	INSTANT	ALL	0							False
A|SOLO_TRUE|QUICK|ALL|ALL	SOLO_TRUE	ALL	QUICK	ALL	0							False
A|SOLO_TRUE|QUICK|COMMITTED|ALL	SOLO_TRUE	COMMITTED	QUICK	ALL	0							False
A|SOLO_TRUE|QUICK|ONE_SHOT|ALL	SOLO_TRUE	ONE_SHOT	QUICK	ALL	0							False
A|SOLO_TRUE|QUICK|OTHER_TC|ALL	SOLO_TRUE	OTHER_TC	QUICK	ALL	0							False
A|SOLO_TRUE|LATE|ALL|ALL	SOLO_TRUE	ALL	LATE	ALL	2	1.0	10.586901316697492	10.586901316697492		8.284241840348747	12.88956079304624	False
A|SOLO_TRUE|LATE|COMMITTED|ALL	SOLO_TRUE	COMMITTED	LATE	ALL	2	1.0	10.586901316697492	10.586901316697492		8.284241840348747	12.88956079304624	False
A|SOLO_TRUE|LATE|ONE_SHOT|ALL	SOLO_TRUE	ONE_SHOT	LATE	ALL	0							False
A|SOLO_TRUE|LATE|OTHER_TC|ALL	SOLO_TRUE	OTHER_TC	LATE	ALL	0							False
A|SOLO_TRUE|UNKNOWN|ALL|ALL	SOLO_TRUE	ALL	UNKNOWN	ALL	58	1.0	0.513710396	0.228465731	0.6373012805	0.0203878	2.62226890975	False
A|SOLO_TRUE|UNKNOWN|COMMITTED|ALL	SOLO_TRUE	COMMITTED	UNKNOWN	ALL	3	1.0	12.27099375	7.7070708581974925	12.27099375	6.2464575985	13.731607009697493	False
A|SOLO_TRUE|UNKNOWN|ONE_SHOT|ALL	SOLO_TRUE	ONE_SHOT	UNKNOWN	ALL	55	1.0	0.511434422	0.212065881	0.578138517	0.014269960000000002	2.3285821125000004	False
A|SOLO_TRUE|UNKNOWN|OTHER_TC|ALL	SOLO_TRUE	OTHER_TC	UNKNOWN	ALL	0							False
A|SOLO_TRUE|ALL|COMMITTED|ALL	SOLO_TRUE	COMMITTED	ALL	ALL	1776	0.34177927927927926	-0.15518913699999998	-0.1911491815	-0.10618147850000001	-0.51293762	0.13989737275000003	False
A|SOLO_TRUE|ALL|ONE_SHOT|ALL	SOLO_TRUE	ONE_SHOT	ALL	ALL	83	0.6626506024096386	0.00815212	0.0030170705	0.148447417	-0.009036332000000001	0.8240308190000001	False
A|SOLO_TRUE|ALL|OTHER_TC|ALL	SOLO_TRUE	OTHER_TC	ALL	ALL	0							False
A|SOLO_TRUE|INSTANT|COMMITTED|SOL_ONLY	SOLO_TRUE	COMMITTED	INSTANT	SOL_ONLY	0							False
A|SOLO_TRUE|INSTANT|COMMITTED|MIXED	SOLO_TRUE	COMMITTED	INSTANT	MIXED	1771	0.33992094861660077	-0.155917425	-0.1927696055	-0.106942901	-0.513547719	0.135650076	False
A|SOLO_TRUE|INSTANT|ONE_SHOT|SOL_ONLY	SOLO_TRUE	ONE_SHOT	INSTANT	SOL_ONLY	0							False
A|SOLO_TRUE|INSTANT|ONE_SHOT|MIXED	SOLO_TRUE	ONE_SHOT	INSTANT	MIXED	28	0.0	-2.268620286	-1.1583908075	-2.895945286	-5.04775298	-0.0092830445	False
A|SOLO_TRUE|INSTANT|OTHER_TC|SOL_ONLY	SOLO_TRUE	OTHER_TC	INSTANT	SOL_ONLY	0							False
A|SOLO_TRUE|INSTANT|OTHER_TC|MIXED	SOLO_TRUE	OTHER_TC	INSTANT	MIXED	0							False
A|SOLO_TRUE|QUICK|COMMITTED|SOL_ONLY	SOLO_TRUE	COMMITTED	QUICK	SOL_ONLY	0							False
A|SOLO_TRUE|QUICK|COMMITTED|MIXED	SOLO_TRUE	COMMITTED	QUICK	MIXED	0							False
A|SOLO_TRUE|QUICK|ONE_SHOT|SOL_ONLY	SOLO_TRUE	ONE_SHOT	QUICK	SOL_ONLY	0							False
A|SOLO_TRUE|QUICK|ONE_SHOT|MIXED	SOLO_TRUE	ONE_SHOT	QUICK	MIXED	0							False
A|SOLO_TRUE|QUICK|OTHER_TC|SOL_ONLY	SOLO_TRUE	OTHER_TC	QUICK	SOL_ONLY	0							False
A|SOLO_TRUE|QUICK|OTHER_TC|MIXED	SOLO_TRUE	OTHER_TC	QUICK	MIXED	0							False
A|SOLO_TRUE|LATE|COMMITTED|SOL_ONLY	SOLO_TRUE	COMMITTED	LATE	SOL_ONLY	0							False
A|SOLO_TRUE|LATE|COMMITTED|MIXED	SOLO_TRUE	COMMITTED	LATE	MIXED	2	1.0	10.586901316697492	10.586901316697492		8.284241840348747	12.88956079304624	False
A|SOLO_TRUE|LATE|ONE_SHOT|SOL_ONLY	SOLO_TRUE	ONE_SHOT	LATE	SOL_ONLY	0							False
A|SOLO_TRUE|LATE|ONE_SHOT|MIXED	SOLO_TRUE	ONE_SHOT	LATE	MIXED	0							False
A|SOLO_TRUE|LATE|OTHER_TC|SOL_ONLY	SOLO_TRUE	OTHER_TC	LATE	SOL_ONLY	0							False
A|SOLO_TRUE|LATE|OTHER_TC|MIXED	SOLO_TRUE	OTHER_TC	LATE	MIXED	0							False
A|SOLO_TRUE|UNKNOWN|COMMITTED|SOL_ONLY	SOLO_TRUE	COMMITTED	UNKNOWN	SOL_ONLY	0							False
A|SOLO_TRUE|UNKNOWN|COMMITTED|MIXED	SOLO_TRUE	COMMITTED	UNKNOWN	MIXED	3	1.0	12.27099375	7.7070708581974925	12.27099375	6.2464575985	13.731607009697493	False
A|SOLO_TRUE|UNKNOWN|ONE_SHOT|SOL_ONLY	SOLO_TRUE	ONE_SHOT	UNKNOWN	SOL_ONLY	0							False
A|SOLO_TRUE|UNKNOWN|ONE_SHOT|MIXED	SOLO_TRUE	ONE_SHOT	UNKNOWN	MIXED	55	1.0	0.511434422	0.212065881	0.578138517	0.014269960000000002	2.3285821125000004	False
A|SOLO_TRUE|UNKNOWN|OTHER_TC|SOL_ONLY	SOLO_TRUE	OTHER_TC	UNKNOWN	SOL_ONLY	0							False
A|SOLO_TRUE|UNKNOWN|OTHER_TC|MIXED	SOLO_TRUE	OTHER_TC	UNKNOWN	MIXED	0							False
