slice_id	speed_bucket	skill_bucket	commitment_bucket	n	win_rate	median_profit	early_median_profit	late_median_profit	p25_profit	p75_profit	survives_slice
C|FAST|ALL|ALL	FAST	ALL	ALL	2532	0.5031595576619273	0.009247993	-0.012751493	0.01421655	-1.02184285175	1.31515804775	False
C|FAST|PURE_ELITE|ALL	FAST	PURE_ELITE	ALL	466	0.48283261802575106	-0.035586867	-0.142400322	0.043422194	-1.07665029225	2.09420784825	False
C|FAST|MIXED|ALL	FAST	MIXED	ALL	2066	0.5077444336882866	0.015405187	0.042828778	0.0132422745	-1.0205258967500002	1.223396663	True
C|FAST|ALL|COMMITTED	FAST	ALL	COMMITTED	2524	0.5047543581616482	0.011428943	-0.012751493	0.017451876	-1.01520007825	1.3225101145	False
C|FAST|PURE_ELITE|COMMITTED	FAST	PURE_ELITE	COMMITTED	464	0.4849137931034483	-0.031521091	-0.142400322	0.059983507	-1.04739329025	2.09599580225	False
C|FAST|MIXED|COMMITTED	FAST	MIXED	COMMITTED	2060	0.5092233009708738	0.0184084605	0.042828778	0.014732157499999999	-1.0130882065	1.22710984125	True
C|FAST|ALL|DRIVE_BY	FAST	ALL	DRIVE_BY	8	0.0	-2.3736237979999997		-2.3736237979999997	-5.01706607	-1.3067335265	False
C|FAST|PURE_ELITE|DRIVE_BY	FAST	PURE_ELITE	DRIVE_BY	2	0.0	-6.3926543455000004		-6.3926543455000004	-8.07284197875	-4.71246671225	False
C|FAST|MIXED|DRIVE_BY	FAST	MIXED	DRIVE_BY	6	0.0	-1.5451466835		-1.5451466835	-3.0075507962500003	-1.1695508795	False
C|FAST|ALL|OTHER_TC	FAST	ALL	OTHER_TC	0							False
C|FAST|PURE_ELITE|OTHER_TC	FAST	PURE_ELITE	OTHER_TC	0							False
C|FAST|MIXED|OTHER_TC	FAST	MIXED	OTHER_TC	0							False
C|MED|ALL|ALL	MED	ALL	ALL	436	0.44724770642201833	-0.10625882349999999	-0.2501779155	-0.070369947	-1.33597569975	0.88386591225	False
C|MED|PURE_ELITE|ALL	MED	PURE_ELITE	ALL	99	0.42424242424242425	-0.264507354	-0.226019008	-0.371916614	-2.5180098965	0.826993267	False
C|MED|MIXED|ALL	MED	MIXED	ALL	337	0.4540059347181009	-0.086938973	-0.258767948	-0.027321949499999998	-1.218643256	0.913235499	False
C|MED|ALL|COMMITTED	MED	ALL	COMMITTED	434	0.44930875576036866	-0.10625882349999999	-0.24571484	-0.070892127	-1.3198126	0.90344563675	False
C|MED|PURE_ELITE|COMMITTED	MED	PURE_ELITE	COMMITTED	99	0.42424242424242425	-0.264507354	-0.226019008	-0.371916614	-2.5180098965	0.826993267	False
C|MED|MIXED|COMMITTED	MED	MIXED	COMMITTED	335	0.45671641791044776	-0.086938973	-0.25670446950000003	-0.027737845	-1.2151244255	0.926716486	False
C|MED|ALL|DRIVE_BY	MED	ALL	DRIVE_BY	2	0.0	-7.596175134697493	-15.192220269394985	-0.00013	-11.394197702046238	-3.798152567348746	False
C|MED|PURE_ELITE|DRIVE_BY	MED	PURE_ELITE	DRIVE_BY	0							False
C|MED|MIXED|DRIVE_BY	MED	MIXED	DRIVE_BY	2	0.0	-7.596175134697493	-15.192220269394985	-0.00013	-11.394197702046238	-3.798152567348746	False
C|MED|ALL|OTHER_TC	MED	ALL	OTHER_TC	0							False
C|MED|PURE_ELITE|OTHER_TC	MED	PURE_ELITE	OTHER_TC	0							False
C|MED|MIXED|OTHER_TC	MED	MIXED	OTHER_TC	0							False
C|SLOW|ALL|ALL	SLOW	ALL	ALL	139	0.30935251798561153	-0.295277349	-0.420545147	-0.205943046	-1.448652682	0.2609388705	False
C|SLOW|PURE_ELITE|ALL	SLOW	PURE_ELITE	ALL	29	0.2413793103448276	-0.208058698	-0.991923142	-0.1649193075	-1.343628173	-0.007818592	False
C|SLOW|MIXED|ALL	SLOW	MIXED	ALL	110	0.32727272727272727	-0.3000008135	-0.351611859	-0.2402179505	-1.457545669	0.26608016625	False
C|SLOW|ALL|COMMITTED	SLOW	ALL	COMMITTED	139	0.30935251798561153	-0.295277349	-0.420545147	-0.205943046	-1.448652682	0.2609388705	False
C|SLOW|PURE_ELITE|COMMITTED	SLOW	PURE_ELITE	COMMITTED	29	0.2413793103448276	-0.208058698	-0.991923142	-0.1649193075	-1.343628173	-0.007818592	False
C|SLOW|MIXED|COMMITTED	SLOW	MIXED	COMMITTED	110	0.32727272727272727	-0.3000008135	-0.351611859	-0.2402179505	-1.457545669	0.26608016625	False
C|SLOW|ALL|DRIVE_BY	SLOW	ALL	DRIVE_BY	0							False
C|SLOW|PURE_ELITE|DRIVE_BY	SLOW	PURE_ELITE	DRIVE_BY	0							False
C|SLOW|MIXED|DRIVE_BY	SLOW	MIXED	DRIVE_BY	0							False
C|SLOW|ALL|OTHER_TC	SLOW	ALL	OTHER_TC	0							False
C|SLOW|PURE_ELITE|OTHER_TC	SLOW	PURE_ELITE	OTHER_TC	0							False
C|SLOW|MIXED|OTHER_TC	SLOW	MIXED	OTHER_TC	0							False
