slice_id	timing_bucket	speed_bucket	commitment_bucket	n	win_rate	median_profit	early_median_profit	late_median_profit	p25_profit	p75_profit	survives_slice
E|EARLY|ALL|ALL	EARLY	ALL	ALL	15616	0.4423027663934426	-0.0442469895	-0.0729338	-0.027190206	-0.44650153600000003	0.33608744725	False
E|EARLY|FAST|ALL	EARLY	FAST	ALL	4794	0.5062578222778473	0.008267661499999999	-0.036087136	0.027974817	-0.41814491924999997	0.49719792925	False
E|EARLY|SLOW|ALL	EARLY	SLOW	ALL	10822	0.4139715394566624	-0.0677256285	-0.0813068965	-0.0543444585	-0.460711268	0.2664523235	False
E|EARLY|ALL|COMMITTED	EARLY	ALL	COMMITTED	15568	0.4436664953751285	-0.04365284949999999	-0.0727121795	-0.0259518485	-0.4435528965	0.3370527005	False
E|EARLY|FAST|COMMITTED	EARLY	FAST	COMMITTED	4788	0.5068922305764411	0.0091447515	-0.0359273675	0.028553468999999998	-0.414711857	0.49910553274999997	False
E|EARLY|SLOW|COMMITTED	EARLY	SLOW	COMMITTED	10780	0.4155844155844156	-0.066645333	-0.0809642285	-0.053637710000000005	-0.45553432125000004	0.270818505	False
E|EARLY|ALL|ONE_SHOT	EARLY	ALL	ONE_SHOT	48	0.0	-1.1151207625000001	-1.052951619	-1.154992612	-5.05132038	-0.00175380375	False
E|EARLY|FAST|ONE_SHOT	EARLY	FAST	ONE_SHOT	6	0.0	-1.0524753494999999	-1.052951619	-1.05199908	-1.0696745895	-0.804221598	False
E|EARLY|SLOW|ONE_SHOT	EARLY	SLOW	ONE_SHOT	42	0.0	-1.5621892210000001	-2.514353554	-1.5621892210000001	-5.14504205625	-0.000165	False
E|EARLY|ALL|OTHER_TC	EARLY	ALL	OTHER_TC	0							False
E|EARLY|FAST|OTHER_TC	EARLY	FAST	OTHER_TC	0							False
E|EARLY|SLOW|OTHER_TC	EARLY	SLOW	OTHER_TC	0							False
E|MID|ALL|ALL	MID	ALL	ALL	3	1.0	3.282336102	1.850416546	12.493540113	1.850416546	7.8879381075	False
E|MID|FAST|ALL	MID	FAST	ALL	0							False
E|MID|SLOW|ALL	MID	SLOW	ALL	3	1.0	3.282336102	1.850416546	12.493540113	1.850416546	7.8879381075	False
E|MID|ALL|COMMITTED	MID	ALL	COMMITTED	3	1.0	3.282336102	1.850416546	12.493540113	1.850416546	7.8879381075	False
E|MID|FAST|COMMITTED	MID	FAST	COMMITTED	0							False
E|MID|SLOW|COMMITTED	MID	SLOW	COMMITTED	3	1.0	3.282336102	1.850416546	12.493540113	1.850416546	7.8879381075	False
E|MID|ALL|ONE_SHOT	MID	ALL	ONE_SHOT	0							False
E|MID|FAST|ONE_SHOT	MID	FAST	ONE_SHOT	0							False
E|MID|SLOW|ONE_SHOT	MID	SLOW	ONE_SHOT	0							False
E|MID|ALL|OTHER_TC	MID	ALL	OTHER_TC	0							False
E|MID|FAST|OTHER_TC	MID	FAST	OTHER_TC	0							False
E|MID|SLOW|OTHER_TC	MID	SLOW	OTHER_TC	0							False
E|LATE|ALL|ALL	LATE	ALL	ALL	0							False
E|LATE|FAST|ALL	LATE	FAST	ALL	0							False
E|LATE|SLOW|ALL	LATE	SLOW	ALL	0							False
E|LATE|ALL|COMMITTED	LATE	ALL	COMMITTED	0							False
E|LATE|FAST|COMMITTED	LATE	FAST	COMMITTED	0							False
E|LATE|SLOW|COMMITTED	LATE	SLOW	COMMITTED	0							False
E|LATE|ALL|ONE_SHOT	LATE	ALL	ONE_SHOT	0							False
E|LATE|FAST|ONE_SHOT	LATE	FAST	ONE_SHOT	0							False
E|LATE|SLOW|ONE_SHOT	LATE	SLOW	ONE_SHOT	0							False
E|LATE|ALL|OTHER_TC	LATE	ALL	OTHER_TC	0							False
E|LATE|FAST|OTHER_TC	LATE	FAST	OTHER_TC	0							False
E|LATE|SLOW|OTHER_TC	LATE	SLOW	OTHER_TC	0							False
E|UNKNOWN|ALL|ALL	UNKNOWN	ALL	ALL	0							False
E|UNKNOWN|FAST|ALL	UNKNOWN	FAST	ALL	0							False
E|UNKNOWN|SLOW|ALL	UNKNOWN	SLOW	ALL	0							False
E|UNKNOWN|ALL|COMMITTED	UNKNOWN	ALL	COMMITTED	0							False
E|UNKNOWN|FAST|COMMITTED	UNKNOWN	FAST	COMMITTED	0							False
E|UNKNOWN|SLOW|COMMITTED	UNKNOWN	SLOW	COMMITTED	0							False
E|UNKNOWN|ALL|ONE_SHOT	UNKNOWN	ALL	ONE_SHOT	0							False
E|UNKNOWN|FAST|ONE_SHOT	UNKNOWN	FAST	ONE_SHOT	0							False
E|UNKNOWN|SLOW|ONE_SHOT	UNKNOWN	SLOW	ONE_SHOT	0							False
E|UNKNOWN|ALL|OTHER_TC	UNKNOWN	ALL	OTHER_TC	0							False
E|UNKNOWN|FAST|OTHER_TC	UNKNOWN	FAST	OTHER_TC	0							False
E|UNKNOWN|SLOW|OTHER_TC	UNKNOWN	SLOW	OTHER_TC	0							False
