wallet_address	token	realized_profit_sol	profit_capped	wallet_total_profit_sol	skill_tier	cohort_300s	density_tier	cohort_wallet_skill_ratio	q_wallet	cohort_token_skill_ratio	q_token	half	archetype
215nhcAHjQQGgwpQSJQ7zR26etbjjtVdW74NLzwEgQjP	26PnmUVmAMXievedffcM4u43vqgb1jGevgeMKikoBAGS	1.302997018	1.302997018	-193.801520328	S0	3	D2	0.3333333333333333	Q2	0.0	Q0	LATE	D_CROWD_DEPENDENT_RIDER
215nhcAHjQQGgwpQSJQ7zR26etbjjtVdW74NLzwEgQjP	2BzQV1cmHktHoeBpwhDfG9UkgDavxdTaYL1iHkewpump	8.338827876	8.338827876	-193.801520328	S0	2	D1	1.0	Q3	0.0	Q0	EARLY	G_SOLO_NOISE
215nhcAHjQQGgwpQSJQ7zR26etbjjtVdW74NLzwEgQjP	2anPRC6DasQmoun5WehqQe1YgcqYMBcCpi1ZKiQwpump	-2.139655338	-2.139655338	-193.801520328	S0	0	D0	0.0	Q0	0.0	Q0	EARLY	G_SOLO_NOISE
215nhcAHjQQGgwpQSJQ7zR26etbjjtVdW74NLzwEgQjP	2geuoQeMDvg4Nsat6hC5E9ARaief4t8LWeJ1DTBiDTQC	11.904906994	11.904906994	-193.801520328	S0	0	D0	0.0	Q0	0.0	Q0	LATE	G_SOLO_NOISE
215nhcAHjQQGgwpQSJQ7zR26etbjjtVdW74NLzwEgQjP	2tPSMmm4K5nFtEqNFUT18UdSkM72QoWJyYaEY7rApump	5.226818037	5.226818037	-193.801520328	S0	2	D1	1.0	Q3	1.0	Q3	LATE	E_TOKEN_SPECIALIST
215nhcAHjQQGgwpQSJQ7zR26etbjjtVdW74NLzwEgQjP	2vNn2FduWE2NqurgsHueCckRh2Rv8aLi5Ah6zMyXpump	-8.37522509	-8.37522509	-193.801520328	S0	14	D3	0.5714285714285714	Q2	0.5	Q2	LATE	D_CROWD_DEPENDENT_RIDER
215nhcAHjQQGgwpQSJQ7zR26etbjjtVdW74NLzwEgQjP	38XprhVUr2gwRNBkmScckgJzh7p2E9hht529cSvApump	-8.951609374	-8.951609374	-193.801520328	S0	2	D1	1.0	Q3	0.0	Q0	EARLY	G_SOLO_NOISE
215nhcAHjQQGgwpQSJQ7zR26etbjjtVdW74NLzwEgQjP	39515QzjmV3sJKVvfFbLNNbrJSFSBh8UoNuKQD6wi5kA	-0.726864547	-0.726864547	-193.801520328	S0	4	D2	0.5	Q2	0.5	Q2	LATE	D_CROWD_DEPENDENT_RIDER
215nhcAHjQQGgwpQSJQ7zR26etbjjtVdW74NLzwEgQjP	39tUqZ9R7zLTonZmE6D7UPbyHf2GG3A2TLpczqP7PXw9	-2.303712532	-2.303712532	-193.801520328	S0	0	D0	0.0	Q0	0.0	Q0	EARLY	G_SOLO_NOISE
215nhcAHjQQGgwpQSJQ7zR26etbjjtVdW74NLzwEgQjP	3DpmH888HsxjC2V6QejWeEWa2MNLhQxQUovswBvvBAGS	4.486156255	4.486156255	-193.801520328	S0	2	D1	1.0	Q3	0.5	Q2	EARLY	E_TOKEN_SPECIALIST
215nhcAHjQQGgwpQSJQ7zR26etbjjtVdW74NLzwEgQjP	3WZo55SLZ8as9ePP1bSJH2JTUKiagWfLVcLHJQ1Cpump	0.264251866	0.264251866	-193.801520328	S0	0	D0	0.0	Q0	0.0	Q0	EARLY	G_SOLO_NOISE
215nhcAHjQQGgwpQSJQ7zR26etbjjtVdW74NLzwEgQjP	3mg5W8c6Cne6TqQaSWC11BtD96kaFEMydRZC1aoQpump	0.10309397	0.10309397	-193.801520328	S0	0	D0	0.0	Q0	0.0	Q0	EARLY	G_SOLO_NOISE
215nhcAHjQQGgwpQSJQ7zR26etbjjtVdW74NLzwEgQjP	3nSvc7ECkuJxkj6fLzDMVBzCmu85MLFWDUgyQyx4pump	0.084102066	0.084102066	-193.801520328	S0	0	D0	0.0	Q0	0.0	Q0	EARLY	G_SOLO_NOISE
215nhcAHjQQGgwpQSJQ7zR26etbjjtVdW74NLzwEgQjP	3zjo69BA8owdbTqPESLZ5KskZcPZmuX7W1ZUoeztchud	2.179707424	2.179707424	-193.801520328	S0	0	D0	0.0	Q0	0.0	Q0	EARLY	G_SOLO_NOISE
215nhcAHjQQGgwpQSJQ7zR26etbjjtVdW74NLzwEgQjP	42KvmmKxi9A8VgR3eAUEABitXb3EH7cuXojxz9zBpump	-15.835035693	-15.192220269394985	-193.801520328	S0	10	D3	0.3	Q1	0.3	Q1	LATE	F_DENSE_LOW_SKILL_CROWD
215nhcAHjQQGgwpQSJQ7zR26etbjjtVdW74NLzwEgQjP	45EGAZKyfXFmCTPvsxjkEUFvQ1C1qPcdfv8j7rdjBAGS	-2.322184229	-2.322184229	-193.801520328	S0	7	D2	0.7142857142857143	Q3	0.42857142857142855	Q2	EARLY	D_CROWD_DEPENDENT_RIDER
215nhcAHjQQGgwpQSJQ7zR26etbjjtVdW74NLzwEgQjP	4SQvEKu27Byj856cMA1DvYgjaZgUEiaAsPoxaCmipump	-0.615591709	-0.615591709	-193.801520328	S0	0	D0	0.0	Q0	0.0	Q0	EARLY	G_SOLO_NOISE
215nhcAHjQQGgwpQSJQ7zR26etbjjtVdW74NLzwEgQjP	4azNqNM44hWzFPfvp472AZVZjKeN1NU56mAoTdsQpump	0.5852932	0.5852932	-193.801520328	S0	2	D1	0.0	Q0	0.0	Q0	EARLY	G_SOLO_NOISE
215nhcAHjQQGgwpQSJQ7zR26etbjjtVdW74NLzwEgQjP	4bLpDvtCY9NHPR9e3rpDNnwpMy4RMgsEm21E48rzpump	-10.13207908	-10.13207908	-193.801520328	S0	0	D0	0.0	Q0	0.0	Q0	EARLY	G_SOLO_NOISE
215nhcAHjQQGgwpQSJQ7zR26etbjjtVdW74NLzwEgQjP	4c8itTfXhZMejtvbBmofs85uMg4o9hBTV4u1jxLRpump	0.279486598	0.279486598	-193.801520328	S0	0	D0	0.0	Q0	0.0	Q0	LATE	G_SOLO_NOISE
215nhcAHjQQGgwpQSJQ7zR26etbjjtVdW74NLzwEgQjP	4gSxVM2VZMSpkid6hZFji5A1vbg3yWZvA7HmfwHobyfg	-0.113083691	-0.113083691	-193.801520328	S0	13	D3	0.6153846153846154	Q2	0.38461538461538464	Q2	LATE	D_CROWD_DEPENDENT_RIDER
215nhcAHjQQGgwpQSJQ7zR26etbjjtVdW74NLzwEgQjP	4ht1SxGqBCn4bPjFuJSADD9jNuZd8a8cpAcdXzCopump	-9.140957874	-9.140957874	-193.801520328	S0	0	D0	0.0	Q0	0.0	Q0	LATE	G_SOLO_NOISE
215nhcAHjQQGgwpQSJQ7zR26etbjjtVdW74NLzwEgQjP	4kB8e2npQYSVfCivRZAg7iANh8GLrsUfFuPFCHPrbonk	-3.069572783	-3.069572783	-193.801520328	S0	2	D1	0.5	Q2	0.0	Q0	LATE	G_SOLO_NOISE
215nhcAHjQQGgwpQSJQ7zR26etbjjtVdW74NLzwEgQjP	4zL98Nncs8mHn3Aaw8naCdusLbRStKoxcfHqA4Wwpump	-0.54419818	-0.54419818	-193.801520328	S0	0	D0	0.0	Q0	0.0	Q0	EARLY	G_SOLO_NOISE
215nhcAHjQQGgwpQSJQ7zR26etbjjtVdW74NLzwEgQjP	5CJN2E6dDU9XxDJnz3ZEELxPP8HsGTKPbsNVB2djpump	-2.0496925	-2.0496925	-193.801520328	S0	2	D1	0.5	Q2	0.0	Q0	LATE	G_SOLO_NOISE
215nhcAHjQQGgwpQSJQ7zR26etbjjtVdW74NLzwEgQjP	5JQt2JWkmUPLYXsKPAyDwaFFdkT7XgDDzyu4q3cSbonk	-12.002633631	-12.002633631	-193.801520328	S0	4	D2	1.0	Q3	0.75	Q3	EARLY	D_CROWD_DEPENDENT_RIDER
215nhcAHjQQGgwpQSJQ7zR26etbjjtVdW74NLzwEgQjP	5MHqtghRJJwYeHoFALgficaxDRmorZSWzKtTZgeDfxJz	0.866599718	0.866599718	-193.801520328	S0	1	D1	1.0	Q3	0.0	Q0	EARLY	G_SOLO_NOISE
215nhcAHjQQGgwpQSJQ7zR26etbjjtVdW74NLzwEgQjP	5PxW5dxVzUZLG4GE2uwnGar4Kq6vMTXdaiyXaZCRpump	1.652731687	1.652731687	-193.801520328	S0	4	D2	0.25	Q1	0.5	Q2	EARLY	E_TOKEN_SPECIALIST
215nhcAHjQQGgwpQSJQ7zR26etbjjtVdW74NLzwEgQjP	5Zhi5VjYPafHRogNLJ3fVo8tLTAq58KaiMRpVU6Vpump	-17.36310908	-15.192220269394985	-193.801520328	S0	0	D0	0.0	Q0	0.0	Q0	EARLY	G_SOLO_NOISE
215nhcAHjQQGgwpQSJQ7zR26etbjjtVdW74NLzwEgQjP	5qFfuf9igE2hqcQrDP3d69kTUthpWdQmsAYwSKGfGH55	-2.063768589	-2.063768589	-193.801520328	S0	19	D3	0.5263157894736842	Q2	0.5789473684210527	Q2	LATE	D_CROWD_DEPENDENT_RIDER
215nhcAHjQQGgwpQSJQ7zR26etbjjtVdW74NLzwEgQjP	5uW64fkmivpMd6GDPgs7uQ7YfLmpBUdtsUfJA5UNpump	0.267504659	0.267504659	-193.801520328	S0	4	D2	0.25	Q1	0.5	Q2	EARLY	E_TOKEN_SPECIALIST
215nhcAHjQQGgwpQSJQ7zR26etbjjtVdW74NLzwEgQjP	62eNTADfQDdDygSAHeqqipaHHKvcWc4Cob1xqaYjpump	-1.72097428	-1.72097428	-193.801520328	S0	12	D3	0.4166666666666667	Q2	0.3333333333333333	Q2	LATE	D_CROWD_DEPENDENT_RIDER
215nhcAHjQQGgwpQSJQ7zR26etbjjtVdW74NLzwEgQjP	689BynMq1USRwfX6HV1DYpxZBrVzVwJSFBpusu2Ppump	2.022293769	2.022293769	-193.801520328	S0	3	D2	0.3333333333333333	Q2	0.0	Q0	EARLY	D_CROWD_DEPENDENT_RIDER
215nhcAHjQQGgwpQSJQ7zR26etbjjtVdW74NLzwEgQjP	68bBUrXiaXUuAAMTUasNyYbUFy75rkLEhQRKkYvXpump	0.073500726	0.073500726	-193.801520328	S0	2	D1	0.5	Q2	0.0	Q0	EARLY	G_SOLO_NOISE
215nhcAHjQQGgwpQSJQ7zR26etbjjtVdW74NLzwEgQjP	6Ks9R9H1Kqmz1XQTgCcZKqriCun5EwC1cukM9TUL996C	-7.906369786	-7.906369786	-193.801520328	S0	0	D0	0.0	Q0	0.0	Q0	EARLY	G_SOLO_NOISE
215nhcAHjQQGgwpQSJQ7zR26etbjjtVdW74NLzwEgQjP	6QhZ6WQyYjLGDXFuc9CP1MzzvfeA6rDVnPYUke6ybuff	-12.971754486	-12.971754486	-193.801520328	S0	0	D0	0.0	Q0	0.0	Q0	LATE	G_SOLO_NOISE
215nhcAHjQQGgwpQSJQ7zR26etbjjtVdW74NLzwEgQjP	6R45Gj8iYb2umvHxr41qoYZn8zrt3wTkj24H6rBEHzGM	0.24835315	0.24835315	-193.801520328	S0	7	D2	0.42857142857142855	Q2	0.14285714285714285	Q1	EARLY	D_CROWD_DEPENDENT_RIDER
215nhcAHjQQGgwpQSJQ7zR26etbjjtVdW74NLzwEgQjP	6ayAYAGQtFheBipT7q8p8W7xXLY9hg63Kbp3nLK6pump	-2.031005	-2.031005	-193.801520328	S0	1	D1	1.0	Q3	0.0	Q0	EARLY	G_SOLO_NOISE
215nhcAHjQQGgwpQSJQ7zR26etbjjtVdW74NLzwEgQjP	6dQnuU2Lu9bhG1QzGeXiovXt6WcGWRVzWUmgfHyppump	-0.026205734	-0.026205734	-193.801520328	S0	0	D0	0.0	Q0	0.0	Q0	EARLY	G_SOLO_NOISE
215nhcAHjQQGgwpQSJQ7zR26etbjjtVdW74NLzwEgQjP	6o66tULfrpVr99M15tkuAkeJAmFyGfBHRd3K2iKcpump	0.710857945	0.710857945	-193.801520328	S0	6	D2	0.5	Q2	0.5	Q2	EARLY	D_CROWD_DEPENDENT_RIDER
215nhcAHjQQGgwpQSJQ7zR26etbjjtVdW74NLzwEgQjP	6orHqbAUN6sbW311aSGcHP6nGsqhRYsBB3vjXNFkpump	0.983084825	0.983084825	-193.801520328	S0	2	D1	1.0	Q3	0.0	Q0	LATE	G_SOLO_NOISE
215nhcAHjQQGgwpQSJQ7zR26etbjjtVdW74NLzwEgQjP	72NTbVWqvCxmGARj3zjEzFDybGJ5ehrgLcT1DfRdcwFH	-0.13806928	-0.13806928	-193.801520328	S0	2	D1	0.5	Q2	0.0	Q0	EARLY	G_SOLO_NOISE
215nhcAHjQQGgwpQSJQ7zR26etbjjtVdW74NLzwEgQjP	76bzTfvXbxfaGKwHUgo5PHn9KTeQ5xTwgh9PErFatRRX	1.358996146	1.358996146	-193.801520328	S0	0	D0	0.0	Q0	0.0	Q0	LATE	G_SOLO_NOISE
215nhcAHjQQGgwpQSJQ7zR26etbjjtVdW74NLzwEgQjP	7AXkGaDm7yuNLQsyHcHZuECA34L4m5jrENhdG8YFpump	2.238285694	2.238285694	-193.801520328	S0	3	D2	1.0	Q3	0.0	Q0	LATE	D_CROWD_DEPENDENT_RIDER
215nhcAHjQQGgwpQSJQ7zR26etbjjtVdW74NLzwEgQjP	7N8BUGkKPyL93Sk4orXANQTcg4azUW9bMb5aSJ3Hpump	-2.783234683	-2.783234683	-193.801520328	S0	0	D0	0.0	Q0	0.0	Q0	EARLY	G_SOLO_NOISE
215nhcAHjQQGgwpQSJQ7zR26etbjjtVdW74NLzwEgQjP	7bxHTTJPH9H1qV9KCBuBzJMz8mZq9wCjVxJrXXJFdWkm	0.656634039	0.656634039	-193.801520328	S0	9	D3	0.4444444444444444	Q2	0.5555555555555556	Q2	EARLY	D_CROWD_DEPENDENT_RIDER
215nhcAHjQQGgwpQSJQ7zR26etbjjtVdW74NLzwEgQjP	7cXEvhvpgh9Cu82VB4EGAKpVJRPBrcHC3Yen8fePpump	7.285045748	7.285045748	-193.801520328	S0	14	D3	0.5	Q2	0.6428571428571429	Q2	LATE	D_CROWD_DEPENDENT_RIDER
215nhcAHjQQGgwpQSJQ7zR26etbjjtVdW74NLzwEgQjP	7wka5BF4H8B51yUTZnkWHpeuK9xmQzeJNY4D6hnepump	1.893008582	1.893008582	-193.801520328	S0	0	D0	0.0	Q0	0.0	Q0	EARLY	G_SOLO_NOISE
215nhcAHjQQGgwpQSJQ7zR26etbjjtVdW74NLzwEgQjP	8CDUV1aA8GxpKhmLMN1woi4LUHVgWcaL6fbqAsqZpump	-16.19207908	-15.192220269394985	-193.801520328	S0	2	D1	0.0	Q0	0.0	Q0	LATE	G_SOLO_NOISE
215nhcAHjQQGgwpQSJQ7zR26etbjjtVdW74NLzwEgQjP	8QMTt2gSMtoQztk11kZmrVzGW7jTk4NfDJCwMsPgADJp	-1.886158379	-1.886158379	-193.801520328	S0	6	D2	0.6666666666666666	Q3	0.5	Q2	LATE	D_CROWD_DEPENDENT_RIDER
215nhcAHjQQGgwpQSJQ7zR26etbjjtVdW74NLzwEgQjP	8YeGkzwNtM2YCmcXEhuLCUj9AKjx8wgqQLJfAiFosurg	3.630617069	3.630617069	-193.801520328	S0	1	D1	0.0	Q0	0.0	Q0	EARLY	G_SOLO_NOISE
215nhcAHjQQGgwpQSJQ7zR26etbjjtVdW74NLzwEgQjP	8m831UHTXzUmh69CqheBb9JWyqHPMfpe8ek6smDJAiYj	-12.163251366	-12.163251366	-193.801520328	S0	6	D2	0.5	Q2	0.16666666666666666	Q1	LATE	D_CROWD_DEPENDENT_RIDER
215nhcAHjQQGgwpQSJQ7zR26etbjjtVdW74NLzwEgQjP	8sBjUgmsF1WjNxwZiYRDdH7caShh9rMD2cHSZTeQH2Cd	0.578948226	0.578948226	-193.801520328	S0	2	D1	1.0	Q3	1.0	Q3	LATE	E_TOKEN_SPECIALIST
215nhcAHjQQGgwpQSJQ7zR26etbjjtVdW74NLzwEgQjP	8vSAJHJQM535Yu8U5Gf8TJS65ratDLhs6wt8tS82kYoH	-9.263824565	-9.263824565	-193.801520328	S0	0	D0	0.0	Q0	0.0	Q0	EARLY	G_SOLO_NOISE
215nhcAHjQQGgwpQSJQ7zR26etbjjtVdW74NLzwEgQjP	949BaY4f4THBh8QChkyNnFhzEcAwdPufRpBPQjxr1GWb	2.608715046	2.608715046	-193.801520328	S0	0	D0	0.0	Q0	0.0	Q0	EARLY	G_SOLO_NOISE
215nhcAHjQQGgwpQSJQ7zR26etbjjtVdW74NLzwEgQjP	96NbRGpi19SkUrtvFWH17rqaV9LGsviHVmSdJ9qD8app	-9.757012512	-9.757012512	-193.801520328	S0	0	D0	0.0	Q0	0.0	Q0	EARLY	G_SOLO_NOISE
215nhcAHjQQGgwpQSJQ7zR26etbjjtVdW74NLzwEgQjP	9GmVHN3Wfa7uUJqCf8LDxffFFi9VSFYXKt5fadu9pump	-0.471581079	-0.471581079	-193.801520328	S0	1	D1	1.0	Q3	0.0	Q0	EARLY	G_SOLO_NOISE
215nhcAHjQQGgwpQSJQ7zR26etbjjtVdW74NLzwEgQjP	9STxH3sUxos4T32s6CUEgDWmMQtCGdZeaKTsVFg2F9BW	-10.353317147	-10.353317147	-193.801520328	S0	13	D3	0.23076923076923078	Q1	0.46153846153846156	Q2	LATE	E_TOKEN_SPECIALIST
215nhcAHjQQGgwpQSJQ7zR26etbjjtVdW74NLzwEgQjP	9U4FFqeLEENRMX2eCanNQCZTRedKZgp2bpX8AUrspump	1.044456444	1.044456444	-193.801520328	S0	7	D2	0.42857142857142855	Q2	0.5714285714285714	Q2	LATE	D_CROWD_DEPENDENT_RIDER
215nhcAHjQQGgwpQSJQ7zR26etbjjtVdW74NLzwEgQjP	9WdCsVHFqPvVHBK5sVtki5yBKZozUEvXwYE3DjSvr837	-13.14307908	-13.14307908	-193.801520328	S0	0	D0	0.0	Q0	0.0	Q0	LATE	G_SOLO_NOISE
215nhcAHjQQGgwpQSJQ7zR26etbjjtVdW74NLzwEgQjP	9gEYJdpKAdVkXkyWCQi8gwvbKVqFctWnKPtyRrLtpump	0.377822889	0.377822889	-193.801520328	S0	0	D0	0.0	Q0	0.0	Q0	EARLY	G_SOLO_NOISE
215nhcAHjQQGgwpQSJQ7zR26etbjjtVdW74NLzwEgQjP	9jUPKdidSWPAtEP3bMG55HAUoq8DMJ9oBWfBWKxvpump	-8.09307908	-8.09307908	-193.801520328	S0	1	D1	1.0	Q3	0.0	Q0	LATE	G_SOLO_NOISE
215nhcAHjQQGgwpQSJQ7zR26etbjjtVdW74NLzwEgQjP	9oTk3qnNxdZcEAGmQXYJu1uBTu536jGCs4oniGs2BAGS	-1.705916289	-1.705916289	-193.801520328	S0	1	D1	1.0	Q3	0.0	Q0	EARLY	G_SOLO_NOISE
215nhcAHjQQGgwpQSJQ7zR26etbjjtVdW74NLzwEgQjP	9xK2Cj2tKq1jzyjr6BtdqHxe2niTtshxF4Y7PTHMpump	-8.257917339	-8.257917339	-193.801520328	S0	4	D2	0.5	Q2	0.25	Q1	EARLY	D_CROWD_DEPENDENT_RIDER
215nhcAHjQQGgwpQSJQ7zR26etbjjtVdW74NLzwEgQjP	A8KjUubN6TmvgTiQBZiPBxaaKxP6JPtrbPV6ikm5pump	-4.111381658	-4.111381658	-193.801520328	S0	1	D1	1.0	Q3	0.0	Q0	LATE	G_SOLO_NOISE
215nhcAHjQQGgwpQSJQ7zR26etbjjtVdW74NLzwEgQjP	A9w3qT9bGJEk33YUMknwHsgowoaZrhSz8MoS2P4m2983	0.221907378	0.221907378	-193.801520328	S0	1	D1	1.0	Q3	1.0	Q3	EARLY	E_TOKEN_SPECIALIST
215nhcAHjQQGgwpQSJQ7zR26etbjjtVdW74NLzwEgQjP	ABRrTyQ75tfPyjWJf77BqeXKvQcc9j4eNV9Rt792aFLf	0.744180281	0.744180281	-193.801520328	S0	11	D3	0.45454545454545453	Q2	0.18181818181818182	Q1	LATE	D_CROWD_DEPENDENT_RIDER
215nhcAHjQQGgwpQSJQ7zR26etbjjtVdW74NLzwEgQjP	ATSDwNcbyn2YDpYDiAkXmoBmUJVXbgvJWGG8cdcwBAGS	-15.16304428	-15.16304428	-193.801520328	S0	0	D0	0.0	Q0	0.0	Q0	EARLY	G_SOLO_NOISE
215nhcAHjQQGgwpQSJQ7zR26etbjjtVdW74NLzwEgQjP	AapnqNqiH8KcFUGUcS78SQcZgcExogSaj7H3xv72BAGS	0.866848562	0.866848562	-193.801520328	S0	6	D2	0.8333333333333334	Q3	0.5	Q2	LATE	D_CROWD_DEPENDENT_RIDER
215nhcAHjQQGgwpQSJQ7zR26etbjjtVdW74NLzwEgQjP	AmYbiDRGzrhCUBDS2kuNUuBD5MhWQfKtUrcT5Aipump	0.396576058	0.396576058	-193.801520328	S0	5	D2	0.4	Q2	0.4	Q2	EARLY	D_CROWD_DEPENDENT_RIDER
215nhcAHjQQGgwpQSJQ7zR26etbjjtVdW74NLzwEgQjP	AsqUgpheAnX2k2LZLr2PDDWgDqT1M5qZcaV39onGpump	1.50858444	1.50858444	-193.801520328	S0	5	D2	0.6	Q2	0.2	Q1	LATE	D_CROWD_DEPENDENT_RIDER
215nhcAHjQQGgwpQSJQ7zR26etbjjtVdW74NLzwEgQjP	Av3cLhrHypqqh5VNqgmASeCGKbPGB8L2teNRuhH3bonk	-4.65626826	-4.65626826	-193.801520328	S0	4	D2	0.5	Q2	0.0	Q0	EARLY	D_CROWD_DEPENDENT_RIDER
215nhcAHjQQGgwpQSJQ7zR26etbjjtVdW74NLzwEgQjP	B1rGc4HM4Q6q4nU78ADM7fGguxqiasH53fh6ViDXpump	-10.111005	-10.111005	-193.801520328	S0	0	D0	0.0	Q0	0.0	Q0	EARLY	G_SOLO_NOISE
215nhcAHjQQGgwpQSJQ7zR26etbjjtVdW74NLzwEgQjP	BYTLpMjPLRq9wuB1QsyA4rMYrMrRnUqPsQTtFuwPpump	2.680102144	2.680102144	-193.801520328	S0	0	D0	0.0	Q0	0.0	Q0	EARLY	G_SOLO_NOISE
215nhcAHjQQGgwpQSJQ7zR26etbjjtVdW74NLzwEgQjP	BjpvUXsrinjd3q3QNQm7H7no1yQ31dm5YxLBPxe8pump	-7.043022646	-7.043022646	-193.801520328	S0	6	D2	0.6666666666666666	Q3	0.6666666666666666	Q3	LATE	D_CROWD_DEPENDENT_RIDER
215nhcAHjQQGgwpQSJQ7zR26etbjjtVdW74NLzwEgQjP	BsubhQH6Es95aHdS47shqq2aabc7huwRSd9QvUSapump	12.618780775	12.618780775	-193.801520328	S0	6	D2	0.6666666666666666	Q3	0.8333333333333334	Q3	EARLY	D_CROWD_DEPENDENT_RIDER
215nhcAHjQQGgwpQSJQ7zR26etbjjtVdW74NLzwEgQjP	Bx3REmoo2J4t4K6JF83AbQTkY8C6G6sc7TyyaCe8surg	-4.930292111	-4.930292111	-193.801520328	S0	0	D0	0.0	Q0	0.0	Q0	EARLY	G_SOLO_NOISE
215nhcAHjQQGgwpQSJQ7zR26etbjjtVdW74NLzwEgQjP	CFuryjb1Qjdi4X9ccJ75fomAAqMhxeQjrfrZsFKTpump	0.770170757	0.770170757	-193.801520328	S0	6	D2	0.5	Q2	0.3333333333333333	Q2	EARLY	D_CROWD_DEPENDENT_RIDER
215nhcAHjQQGgwpQSJQ7zR26etbjjtVdW74NLzwEgQjP	CTCeQiysWLhk25y3kXjs2nSqJx9Z2A4K3ffa2w6epump	-0.627696864	-0.627696864	-193.801520328	S0	5	D2	1.0	Q3	0.2	Q1	LATE	D_CROWD_DEPENDENT_RIDER
215nhcAHjQQGgwpQSJQ7zR26etbjjtVdW74NLzwEgQjP	CV485ySXfgFiwLtbh815JRukH4r9ChLhddqsAaZKBAGS	-6.686233832	-6.686233832	-193.801520328	S0	0	D0	0.0	Q0	0.0	Q0	EARLY	G_SOLO_NOISE
215nhcAHjQQGgwpQSJQ7zR26etbjjtVdW74NLzwEgQjP	CdnpuURmkqindBNA7wBtLxz9jGa5QZi1GYKTyxMpump	1.128395085	1.128395085	-193.801520328	S0	0	D0	0.0	Q0	0.0	Q0	LATE	G_SOLO_NOISE
215nhcAHjQQGgwpQSJQ7zR26etbjjtVdW74NLzwEgQjP	D4jzbkuguKXVNqUPvZgmbbqzk47dbMP3RWLGjdRqpump	3.183213749	3.183213749	-193.801520328	S0	2	D1	0.0	Q0	0.0	Q0	LATE	G_SOLO_NOISE
215nhcAHjQQGgwpQSJQ7zR26etbjjtVdW74NLzwEgQjP	DL76MNCHC71DaaZEHjtSGVLeQwsyU4kgGigd6iJ5pump	7.367264655	7.367264655	-193.801520328	S0	0	D0	0.0	Q0	0.0	Q0	EARLY	G_SOLO_NOISE
215nhcAHjQQGgwpQSJQ7zR26etbjjtVdW74NLzwEgQjP	DLJjXt2BmoeWMBuvuvBnuLZZGPiG5wFt8mVDWXnbVvnH	-11.127933007	-11.127933007	-193.801520328	S0	1	D1	0.0	Q0	0.0	Q0	EARLY	G_SOLO_NOISE
215nhcAHjQQGgwpQSJQ7zR26etbjjtVdW74NLzwEgQjP	DLd6NRFoZKzouUaYXTLXLULxYahx1AygWAuNeXSBpump	4.51327018	4.51327018	-193.801520328	S0	2	D1	0.5	Q2	0.5	Q2	EARLY	E_TOKEN_SPECIALIST
215nhcAHjQQGgwpQSJQ7zR26etbjjtVdW74NLzwEgQjP	DTGFv7c22qq5sSWYpRV8HR1U947nM62kSNJrnxz4bapp	-1.718548134	-1.718548134	-193.801520328	S0	4	D2	0.75	Q3	0.5	Q2	EARLY	D_CROWD_DEPENDENT_RIDER
215nhcAHjQQGgwpQSJQ7zR26etbjjtVdW74NLzwEgQjP	DmKsJc184ysf9nDKXW4hMs1tyqq8SSDHUHM2niMaBAGS	5.219600222	5.219600222	-193.801520328	S0	0	D0	0.0	Q0	0.0	Q0	LATE	G_SOLO_NOISE
215nhcAHjQQGgwpQSJQ7zR26etbjjtVdW74NLzwEgQjP	DnQ5i195WHBtsEf1ujzH129NrWXHavcSK2117zRDpump	0.848537866	0.848537866	-193.801520328	S0	2	D1	1.0	Q3	1.0	Q3	EARLY	E_TOKEN_SPECIALIST
215nhcAHjQQGgwpQSJQ7zR26etbjjtVdW74NLzwEgQjP	DtKyu1kSzDVxPEN4X44Z34Ma69qUYBq6PD3kBKukpump	-2.133129954	-2.133129954	-193.801520328	S0	0	D0	0.0	Q0	0.0	Q0	EARLY	G_SOLO_NOISE
215nhcAHjQQGgwpQSJQ7zR26etbjjtVdW74NLzwEgQjP	DzrScTJ32QqLWNQz6UEwRe5QaTw9SJbAepAuh95wBAGS	-14.249949409	-14.249949409	-193.801520328	S0	0	D0	0.0	Q0	0.0	Q0	EARLY	G_SOLO_NOISE
215nhcAHjQQGgwpQSJQ7zR26etbjjtVdW74NLzwEgQjP	E2iZY9TtmBVAt69ZakcGbBeEC5T6nBCvFDiZgdgnpump	-6.437247053	-6.437247053	-193.801520328	S0	0	D0	0.0	Q0	0.0	Q0	EARLY	G_SOLO_NOISE
215nhcAHjQQGgwpQSJQ7zR26etbjjtVdW74NLzwEgQjP	E41KCE1buGpN7a8NqcYPRzYMLsYUxNgn22SDetEEpump	-7.13208408	-7.13208408	-193.801520328	S0	4	D2	0.25	Q1	0.25	Q1	LATE	H_OTHER
215nhcAHjQQGgwpQSJQ7zR26etbjjtVdW74NLzwEgQjP	EAQWA7VgpMnj3A5bH83MMn1p6WqpEUZoe3d54UsU5uXc	-1.804981949	-1.804981949	-193.801520328	S0	0	D0	0.0	Q0	0.0	Q0	LATE	G_SOLO_NOISE
215nhcAHjQQGgwpQSJQ7zR26etbjjtVdW74NLzwEgQjP	EBgugvimK8J2VBwmzswz7qq9gXD7XPtzsE11XHtVBAGS	1.61588227	1.61588227	-193.801520328	S0	2	D1	1.0	Q3	0.0	Q0	EARLY	G_SOLO_NOISE
215nhcAHjQQGgwpQSJQ7zR26etbjjtVdW74NLzwEgQjP	EF8x617jwUMvSqHG8aj4ppkzbqpFGdwESDfexL2kiTAy	-5.06226303	-5.06226303	-193.801520328	S0	3	D2	1.0	Q3	0.0	Q0	LATE	D_CROWD_DEPENDENT_RIDER
215nhcAHjQQGgwpQSJQ7zR26etbjjtVdW74NLzwEgQjP	EMKP9FV5wakvyodPh8edQW4RTSbHPrhYRDEiCiz1pump	15.925555569	15.192220269394985	-193.801520328	S0	0	D0	0.0	Q0	0.0	Q0	LATE	G_SOLO_NOISE
215nhcAHjQQGgwpQSJQ7zR26etbjjtVdW74NLzwEgQjP	EMXEhDH67FD92VqgnSygsAp9NoU7DwGG23aXMBeEpump	-3.626563978	-3.626563978	-193.801520328	S0	8	D3	0.0	Q0	0.625	Q2	EARLY	E_TOKEN_SPECIALIST
215nhcAHjQQGgwpQSJQ7zR26etbjjtVdW74NLzwEgQjP	ENSfJsbKLzH3jyT53UnzGm2okLdA87d8fGyZabyCpump	0.735878605	0.735878605	-193.801520328	S0	0	D0	0.0	Q0	0.0	Q0	EARLY	G_SOLO_NOISE
215nhcAHjQQGgwpQSJQ7zR26etbjjtVdW74NLzwEgQjP	EWyJEmwePGDJK8UTCw5Fg6RMWiK58vzUBgNpD9nemTAP	-8.147863089	-8.147863089	-193.801520328	S0	7	D2	0.7142857142857143	Q3	0.42857142857142855	Q2	EARLY	D_CROWD_DEPENDENT_RIDER
215nhcAHjQQGgwpQSJQ7zR26etbjjtVdW74NLzwEgQjP	EXGn9QebbGwPxzwmTbuibNpXntEoSqHZr5yc9Zbapump	-3.632332559	-3.632332559	-193.801520328	S0	0	D0	0.0	Q0	0.0	Q0	LATE	G_SOLO_NOISE
215nhcAHjQQGgwpQSJQ7zR26etbjjtVdW74NLzwEgQjP	EXzZgnQKPsa9erj5dpjBUXA8DJym7RbV5mM89oeYsurg	-2.375821937	-2.375821937	-193.801520328	S0	3	D2	0.0	Q0	0.6666666666666666	Q3	EARLY	E_TOKEN_SPECIALIST
215nhcAHjQQGgwpQSJQ7zR26etbjjtVdW74NLzwEgQjP	EuVEsEEYwvuN3sz1LSpRgy8gzYufuiecAGHck6sQpump	-16.63045951	-15.192220269394985	-193.801520328	S0	2	D1	0.5	Q2	0.0	Q0	EARLY	G_SOLO_NOISE
215nhcAHjQQGgwpQSJQ7zR26etbjjtVdW74NLzwEgQjP	FBURkgrGyAGghYkePnR58cTf1FWi9XxbouQyP4kipump	0.95987623	0.95987623	-193.801520328	S0	0	D0	0.0	Q0	0.0	Q0	EARLY	G_SOLO_NOISE
215nhcAHjQQGgwpQSJQ7zR26etbjjtVdW74NLzwEgQjP	FGAeYj962X3A5BopoiWKNSyQuPoem3bKrVViLqt7vXrg	-4.585691697	-4.585691697	-193.801520328	S0	19	D3	0.47368421052631576	Q2	0.5789473684210527	Q2	LATE	D_CROWD_DEPENDENT_RIDER
215nhcAHjQQGgwpQSJQ7zR26etbjjtVdW74NLzwEgQjP	FKqznuZnWH2HgwSwPpBjZLrnztvEPR47ux6AHDi8pump	0.759372243	0.759372243	-193.801520328	S0	0	D0	0.0	Q0	0.0	Q0	LATE	G_SOLO_NOISE
215nhcAHjQQGgwpQSJQ7zR26etbjjtVdW74NLzwEgQjP	FMmvx6d9usCw36K6EX3Teh49xxkcBsMUiYEdj69LBAGS	-11.12304428	-11.12304428	-193.801520328	S0	0	D0	0.0	Q0	0.0	Q0	LATE	G_SOLO_NOISE
215nhcAHjQQGgwpQSJQ7zR26etbjjtVdW74NLzwEgQjP	FSaJjmGcDZQDCXtqKHJYXGXEJ9gg1EKKf2pUNWMcTdVz	-10.11307908	-10.11307908	-193.801520328	S0	9	D3	0.6666666666666666	Q3	0.0	Q0	EARLY	D_CROWD_DEPENDENT_RIDER
215nhcAHjQQGgwpQSJQ7zR26etbjjtVdW74NLzwEgQjP	FU3WHpDZrcmE8Me85q3nf9tvnWWpPWXNHuu7omcVH9wX	-4.294516265	-4.294516265	-193.801520328	S0	6	D2	0.6666666666666666	Q3	0.5	Q2	EARLY	D_CROWD_DEPENDENT_RIDER
215nhcAHjQQGgwpQSJQ7zR26etbjjtVdW74NLzwEgQjP	FmU7dXMgRr4HArw8PTqhwYYE2KEV3vp6378RTvd2bonk	5.585502936	5.585502936	-193.801520328	S0	1	D1	1.0	Q3	0.0	Q0	EARLY	G_SOLO_NOISE
215nhcAHjQQGgwpQSJQ7zR26etbjjtVdW74NLzwEgQjP	FqFqDaxiEo5S4AZRTeWkssonikQ2fBjnpusVNHu5pump	-4.566288253	-4.566288253	-193.801520328	S0	0	D0	0.0	Q0	0.0	Q0	EARLY	G_SOLO_NOISE
215nhcAHjQQGgwpQSJQ7zR26etbjjtVdW74NLzwEgQjP	FvyAGAq3bx2mxMeVQfUkBfwYp6PKYHhbXCq1D6ydpump	-15.038438717	-15.038438717	-193.801520328	S0	22	D3	0.4090909090909091	Q2	0.45454545454545453	Q2	EARLY	D_CROWD_DEPENDENT_RIDER
215nhcAHjQQGgwpQSJQ7zR26etbjjtVdW74NLzwEgQjP	G63pAYWkZd71Jdy83bbdvs6HMQxaYVWy5jsS1hK3pump	-10.111005	-10.111005	-193.801520328	S0	0	D0	0.0	Q0	0.0	Q0	LATE	G_SOLO_NOISE
215nhcAHjQQGgwpQSJQ7zR26etbjjtVdW74NLzwEgQjP	GYEa6SxeC5E3jhAoaajZRyWBKy3ux4X2KENZnurCMSto	1.129347345	1.129347345	-193.801520328	S0	0	D0	0.0	Q0	0.0	Q0	LATE	G_SOLO_NOISE
215nhcAHjQQGgwpQSJQ7zR26etbjjtVdW74NLzwEgQjP	GdCN7rQA5egc8SU2Bc2kKB2kMwELneQZJVSt8gGBpump	-2.066601644	-2.066601644	-193.801520328	S0	2	D1	1.0	Q3	0.5	Q2	EARLY	E_TOKEN_SPECIALIST
215nhcAHjQQGgwpQSJQ7zR26etbjjtVdW74NLzwEgQjP	GtC43xtkGeLb7fWby7DEaY284GRkB3itDgRW7YPFpump	-10.130005	-10.130005	-193.801520328	S0	0	D0	0.0	Q0	0.0	Q0	LATE	G_SOLO_NOISE
215nhcAHjQQGgwpQSJQ7zR26etbjjtVdW74NLzwEgQjP	H1cuPfBL45mWDmzNPDetL6dboMa8PigRqEeFxS1Jbonk	1.150552519	1.150552519	-193.801520328	S0	5	D2	0.2	Q1	0.8	Q3	LATE	E_TOKEN_SPECIALIST
215nhcAHjQQGgwpQSJQ7zR26etbjjtVdW74NLzwEgQjP	H941TkMpvHZJs4BoyFY8j8My3C1WZJBFdoS5fxe9pump	-19.577720252	-15.192220269394985	-193.801520328	S0	4	D2	0.5	Q2	0.75	Q3	LATE	D_CROWD_DEPENDENT_RIDER
215nhcAHjQQGgwpQSJQ7zR26etbjjtVdW74NLzwEgQjP	HFtLLofzSqJUP5Hk96jyrBjyZq6PcUjfSA8AbKoopump	14.653796055	14.653796055	-193.801520328	S0	0	D0	0.0	Q0	0.0	Q0	LATE	G_SOLO_NOISE
215nhcAHjQQGgwpQSJQ7zR26etbjjtVdW74NLzwEgQjP	HK3b9sFQxJqWdPLuVaPSxTW7p8fWGGcdHAeKJp55BAGS	-7.10204428	-7.10204428	-193.801520328	S0	2	D1	0.5	Q2	0.0	Q0	LATE	G_SOLO_NOISE
215nhcAHjQQGgwpQSJQ7zR26etbjjtVdW74NLzwEgQjP	HUDTj9245rRy6XvjkGBNLdbz9WuP1phE6bubNj4qTRND	-17.18307908	-15.192220269394985	-193.801520328	S0	0	D0	0.0	Q0	0.0	Q0	LATE	G_SOLO_NOISE
215nhcAHjQQGgwpQSJQ7zR26etbjjtVdW74NLzwEgQjP	HVyoKq9pDMtkW3Z8bMmF6ojj7t9YcSVjynUnw4HUpump	-0.162304471	-0.162304471	-193.801520328	S0	1	D1	1.0	Q3	1.0	Q3	EARLY	E_TOKEN_SPECIALIST
215nhcAHjQQGgwpQSJQ7zR26etbjjtVdW74NLzwEgQjP	HaQWutfHBQgN9PsosHGAYDbV42fMMW35AbWXG6JTpump	-5.08207908	-5.08207908	-193.801520328	S0	0	D0	0.0	Q0	0.0	Q0	LATE	G_SOLO_NOISE
215nhcAHjQQGgwpQSJQ7zR26etbjjtVdW74NLzwEgQjP	HpJ1uCypVkkBhiUm23Az4hrNrA55QGxKuH1m46K2pump	-11.002111621	-11.002111621	-193.801520328	S0	6	D2	0.5	Q2	0.8333333333333334	Q3	EARLY	D_CROWD_DEPENDENT_RIDER
215nhcAHjQQGgwpQSJQ7zR26etbjjtVdW74NLzwEgQjP	HrNsut7DMXWDYSzHL4M4d5UHWky4f5tSENNmZ8Vhsurg	2.839836362	2.839836362	-193.801520328	S0	1	D1	0.0	Q0	0.0	Q0	EARLY	G_SOLO_NOISE
215nhcAHjQQGgwpQSJQ7zR26etbjjtVdW74NLzwEgQjP	J5bszawjR2erRbfizM45q1i1azAuEJ5etp3Ct3Ejpump	-16.22208408	-15.192220269394985	-193.801520328	S0	0	D0	0.0	Q0	0.0	Q0	EARLY	G_SOLO_NOISE
215nhcAHjQQGgwpQSJQ7zR26etbjjtVdW74NLzwEgQjP	J8REZaR7ZwKbhPTGAw7mUcCS9G2pJnZdha3xgBnapump	1.274298695	1.274298695	-193.801520328	S0	0	D0	0.0	Q0	0.0	Q0	LATE	G_SOLO_NOISE
215nhcAHjQQGgwpQSJQ7zR26etbjjtVdW74NLzwEgQjP	J9uo1HUL3rBUx1mJzAt4eVfMMCrtvU8k3bd78dH5pump	-14.713059591	-14.713059591	-193.801520328	S0	5	D2	0.2	Q1	0.0	Q0	EARLY	H_OTHER
215nhcAHjQQGgwpQSJQ7zR26etbjjtVdW74NLzwEgQjP	aXKEWTAJb58e58tybyXZF3dqTunWLPEaK4Ccn3Be1iN	0.598668929	0.598668929	-193.801520328	S0	1	D1	1.0	Q3	0.0	Q0	LATE	G_SOLO_NOISE
215nhcAHjQQGgwpQSJQ7zR26etbjjtVdW74NLzwEgQjP	p3wGjM9qoxnQ9BRL4mwvzbuFnbCzYxSz1pbCYgRpump	-5.337267639	-5.337267639	-193.801520328	S0	1	D1	0.0	Q0	0.0	Q0	EARLY	G_SOLO_NOISE
215nhcAHjQQGgwpQSJQ7zR26etbjjtVdW74NLzwEgQjP	yPg8Hyjq446aCfQs8xRvBzs41WmSqR5b2JKBaFwpump	-15.023188289	-15.023188289	-193.801520328	S0	1	D1	0.0	Q0	0.0	Q0	EARLY	G_SOLO_NOISE
274vmGgKuYQp8Fxvb8n3cr9ZeY3SYM6LgeaXM6jS2nD6	3K9w3afwRqFyrXXMnir9CqmmhPjzPTccrgZh2dcwpump	0.400614808	0.400614808	625.169509681	S3	1	D1	1.0	Q3	0.0	Q0	EARLY	B_ELITE_MICRO_PACK
274vmGgKuYQp8Fxvb8n3cr9ZeY3SYM6LgeaXM6jS2nD6	3z2tRjNuQjoq6UDcw4zyEPD1Eb5KXMPYb4GWFzVT1DPg	16.000300048	15.192220269394985	625.169509681	S3	0	D0	0.0	Q0	0.0	Q0	EARLY	A_ELITE_SOLO
274vmGgKuYQp8Fxvb8n3cr9ZeY3SYM6LgeaXM6jS2nD6	5NGM6UJM4q9WSCU6XoqvrLNfvyR58mGL3ENBrrVhBAGS	0.529695524	0.529695524	625.169509681	S3	0	D0	0.0	Q0	0.0	Q0	EARLY	A_ELITE_SOLO
274vmGgKuYQp8Fxvb8n3cr9ZeY3SYM6LgeaXM6jS2nD6	5kUUdkxWrfA8F6XMcfgnAiiYQcdTDTw5uZjXienUmgga	-0.0029337	-0.0029337	625.169509681	S3	0	D0	0.0	Q0	0.0	Q0	EARLY	A_ELITE_SOLO
274vmGgKuYQp8Fxvb8n3cr9ZeY3SYM6LgeaXM6jS2nD6	9TGuQ9HD1i9ucB1fRMBWzfPPzjnYDv4YdB8sWfNiLAc1	-0.008542907	-0.008542907	625.169509681	S3	0	D0	0.0	Q0	0.0	Q0	EARLY	A_ELITE_SOLO
274vmGgKuYQp8Fxvb8n3cr9ZeY3SYM6LgeaXM6jS2nD6	9s8fqxf3ZXkuauts6TAoErLHYX8Qm2kox4uEj8jWpump	-0.009529757	-0.009529757	625.169509681	S3	0	D0	0.0	Q0	0.0	Q0	EARLY	A_ELITE_SOLO
274vmGgKuYQp8Fxvb8n3cr9ZeY3SYM6LgeaXM6jS2nD6	CvKP9y6UBskJv6pqGWsztXPd1u18YhyV7hp7QWjwG1oP	-0.007058788	-0.007058788	625.169509681	S3	0	D0	0.0	Q0	0.0	Q0	EARLY	A_ELITE_SOLO
274vmGgKuYQp8Fxvb8n3cr9ZeY3SYM6LgeaXM6jS2nD6	H5hygVvXiYxk2a3BVtjiqcDJK8TdHTB5u5U1fXEuBAGS	-0.00973447	-0.00973447	625.169509681	S3	0	D0	0.0	Q0	0.0	Q0	EARLY	A_ELITE_SOLO
274vmGgKuYQp8Fxvb8n3cr9ZeY3SYM6LgeaXM6jS2nD6	H6TWjaet2Qti5VkxakpVt2gK7tB9uVYqMczwK7V7pump	-3.076818986	-3.076818986	625.169509681	S3	2	D1	0.5	Q2	0.0	Q0	LATE	B_ELITE_MICRO_PACK
2RssnB7hcrnBEx55hXMKT1E7gN27g9ecQFbbCc5Zjajq	EWyJEmwePGDJK8UTCw5Fg6RMWiK58vzUBgNpD9nemTAP	9.103167111	9.103167111	9.103167111	S2	7	D2	0.5714285714285714	Q2	0.2857142857142857	Q1	EARLY	H_OTHER
2T5NgDDidkvhJQg8AHDi74uCFwgp25pYFMRZXBaCUNBH	3vDE9qKdj9RdebXyzjans6hdhLetwzMdJByQ33DNpump	0.166541754	0.166541754	10.344297047	S2	0	D0	0.0	Q0	0.0	Q0	EARLY	H_OTHER
2T5NgDDidkvhJQg8AHDi74uCFwgp25pYFMRZXBaCUNBH	49gkcWr77bcYubW6B7fj9WNUjz6a57pPKjLMLPzypump	0.289142536	0.289142536	10.344297047	S2	0	D0	0.0	Q0	0.0	Q0	LATE	H_OTHER
2T5NgDDidkvhJQg8AHDi74uCFwgp25pYFMRZXBaCUNBH	4JJjKmVqphs7dBKyhJBnyT8ZaMJV8YpFiCv1uXo8pump	-1.049080488	-1.049080488	10.344297047	S2	3	D2	1.0	Q3	0.3333333333333333	Q2	LATE	E_TOKEN_SPECIALIST
2T5NgDDidkvhJQg8AHDi74uCFwgp25pYFMRZXBaCUNBH	4QYHJFT8BGHnC9ZKfSmZFM9yF9FJw2hxKQVovaCBpump	0.417137805	0.417137805	10.344297047	S2	0	D0	0.0	Q0	0.0	Q0	EARLY	H_OTHER
2T5NgDDidkvhJQg8AHDi74uCFwgp25pYFMRZXBaCUNBH	4rSADQg49RJ138bW6YE3p8xwBD7cYQcQZUcYJM2Apump	-0.076370352	-0.076370352	10.344297047	S2	0	D0	0.0	Q0	0.0	Q0	EARLY	H_OTHER
2T5NgDDidkvhJQg8AHDi74uCFwgp25pYFMRZXBaCUNBH	5XE2YpsbkcjiX4vJWAxGzgadrKZrB48n9JqasYcYpump	0.24444744	0.24444744	10.344297047	S2	1	D1	1.0	Q3	0.0	Q0	LATE	H_OTHER
2T5NgDDidkvhJQg8AHDi74uCFwgp25pYFMRZXBaCUNBH	6FBJ2FTcmd7PETUvr3RrcQLDccZBb9zX3QcvbM3spump	0.469945628	0.469945628	10.344297047	S2	0	D0	0.0	Q0	0.0	Q0	LATE	H_OTHER
2T5NgDDidkvhJQg8AHDi74uCFwgp25pYFMRZXBaCUNBH	7DDMUcgSwMaUsyjwTk7AaNSYkg5SVHn1gi3Mn7Fvpump	0.105768289	0.105768289	10.344297047	S2	1	D1	1.0	Q3	0.0	Q0	LATE	H_OTHER
2T5NgDDidkvhJQg8AHDi74uCFwgp25pYFMRZXBaCUNBH	7TRE6woC84MvuyxYTuDkRYJSqpLZp2Hn9gx3pD6bpump	-0.244731593	-0.244731593	10.344297047	S2	0	D0	0.0	Q0	0.0	Q0	LATE	H_OTHER
2T5NgDDidkvhJQg8AHDi74uCFwgp25pYFMRZXBaCUNBH	7Wvt154CVQmk8TX26GwL7hSANHJUU27M8FDnsUrqpump	0.5208142	0.5208142	10.344297047	S2	1	D1	0.0	Q0	0.0	Q0	EARLY	H_OTHER
2T5NgDDidkvhJQg8AHDi74uCFwgp25pYFMRZXBaCUNBH	92XQKe4PvXLYt1puknEwBQMDZu4GJzk42qLQA8E7pump	-0.072909394	-0.072909394	10.344297047	S2	0	D0	0.0	Q0	0.0	Q0	EARLY	H_OTHER
2T5NgDDidkvhJQg8AHDi74uCFwgp25pYFMRZXBaCUNBH	A1H8YBvtqy1G6GTQyaFF5WWmjd87YzPDbPqGmDGzpump	1.509291544	1.509291544	10.344297047	S2	0	D0	0.0	Q0	0.0	Q0	EARLY	H_OTHER
2T5NgDDidkvhJQg8AHDi74uCFwgp25pYFMRZXBaCUNBH	A42GJR5bFvKZTNkDt6kJqUY8eLMSZvn4dvhCaNrQpump	0.044312852	0.044312852	10.344297047	S2	0	D0	0.0	Q0	0.0	Q0	LATE	H_OTHER
2T5NgDDidkvhJQg8AHDi74uCFwgp25pYFMRZXBaCUNBH	AKRcrjkVZGyPYX2UMLwbgAgzWQkFMHU51XX5na1Zpump	0.185382789	0.185382789	10.344297047	S2	1	D1	1.0	Q3	0.0	Q0	LATE	H_OTHER
2T5NgDDidkvhJQg8AHDi74uCFwgp25pYFMRZXBaCUNBH	AXDYVrxL7PHFLVJcixo8TYcgrjctUzhdCmiGcmbfpump	0.237302552	0.237302552	10.344297047	S2	0	D0	0.0	Q0	0.0	Q0	EARLY	H_OTHER
2T5NgDDidkvhJQg8AHDi74uCFwgp25pYFMRZXBaCUNBH	EF8x617jwUMvSqHG8aj4ppkzbqpFGdwESDfexL2kiTAy	5.780877287	5.780877287	10.344297047	S2	5	D2	0.4	Q2	0.4	Q2	LATE	E_TOKEN_SPECIALIST
2T5NgDDidkvhJQg8AHDi74uCFwgp25pYFMRZXBaCUNBH	EdYMTyWDDTmumyGgkjkXaXTwC2ZDbFpFVodkN5vJpump	0.061665334	0.061665334	10.344297047	S2	3	D2	1.0	Q3	1.0	Q3	LATE	E_TOKEN_SPECIALIST
2T5NgDDidkvhJQg8AHDi74uCFwgp25pYFMRZXBaCUNBH	EeattZEyt8HXDB2qddvtVTxnAcANFoCatFDPxS9Spump	-0.040753138	-0.040753138	10.344297047	S2	2	D1	0.5	Q2	0.0	Q0	EARLY	H_OTHER
2T5NgDDidkvhJQg8AHDi74uCFwgp25pYFMRZXBaCUNBH	Ezv8oJSfcSaL5LDCJ8tmFCGcMs6CWe98rCtuQa9tpump	0.130991426	0.130991426	10.344297047	S2	0	D0	0.0	Q0	0.0	Q0	EARLY	H_OTHER
2T5NgDDidkvhJQg8AHDi74uCFwgp25pYFMRZXBaCUNBH	FbFkfwAC5eBkqPTECTtH29t76nYS8b222KLsJEUSpump	0.302664498	0.302664498	10.344297047	S2	1	D1	1.0	Q3	0.0	Q0	LATE	H_OTHER
2T5NgDDidkvhJQg8AHDi74uCFwgp25pYFMRZXBaCUNBH	G9saJpHjDJXU9RxC5NU46QdJFhtTMCQeAkNGXSn3pump	0.124284465	0.124284465	10.344297047	S2	0	D0	0.0	Q0	0.0	Q0	EARLY	H_OTHER
2T5NgDDidkvhJQg8AHDi74uCFwgp25pYFMRZXBaCUNBH	GDoGt9wamh1k4RxRMVFSv8PGmztzcoPwAQCrKZXpump	0.192115078	0.192115078	10.344297047	S2	2	D1	1.0	Q3	0.5	Q2	EARLY	E_TOKEN_SPECIALIST
2T5NgDDidkvhJQg8AHDi74uCFwgp25pYFMRZXBaCUNBH	GLSk78BuNueDkQ4hh9o1BKSFNjLYZ1vjXah4afM9pump	0.076049044	0.076049044	10.344297047	S2	0	D0	0.0	Q0	0.0	Q0	LATE	H_OTHER
2T5NgDDidkvhJQg8AHDi74uCFwgp25pYFMRZXBaCUNBH	GoznWaS9832YyHTjCm2L3B8Y8L8AKM13A47sby4Mpump	-0.125299545	-0.125299545	10.344297047	S2	0	D0	0.0	Q0	0.0	Q0	EARLY	H_OTHER
2T5NgDDidkvhJQg8AHDi74uCFwgp25pYFMRZXBaCUNBH	WJUmbsKRK3CZj5LdNK5HYxukMifvpJiyH6L8rw8pump	0.989405275	0.989405275	10.344297047	S2	0	D0	0.0	Q0	0.0	Q0	EARLY	H_OTHER
2T5NgDDidkvhJQg8AHDi74uCFwgp25pYFMRZXBaCUNBH	ZfZ6tP7JAdqwbN6YAXVTcCuMYWrg8zSwmUX3Gtgpump	0.105301532	0.105301532	10.344297047	S2	0	D0	0.0	Q0	0.0	Q0	EARLY	H_OTHER
2W14ahXD3XBfWJchQ4K5NLXmguWWcTTUTuHDhEzeuvP3	26UktkzQsF3xWE8m45BN6Dzb7BK8DmtcKDYDZ7TPpump	1.722743834	1.722743834	17.928404811	S2	2	D1	0.5	Q2	1.0	Q3	EARLY	E_TOKEN_SPECIALIST
2W14ahXD3XBfWJchQ4K5NLXmguWWcTTUTuHDhEzeuvP3	2Eaz5U7fhUEPBfdnetC9h5ZQa52yucxgkWEb1AFLpump	0.06433408	0.06433408	17.928404811	S2	0	D0	0.0	Q0	0.0	Q0	EARLY	H_OTHER
2W14ahXD3XBfWJchQ4K5NLXmguWWcTTUTuHDhEzeuvP3	2FWkao8ZAdVbqA6AsNAmgHKMNKrNsfdUUx2Jr4Nopump	0.872782115	0.872782115	17.928404811	S2	0	D0	0.0	Q0	0.0	Q0	EARLY	H_OTHER
2W14ahXD3XBfWJchQ4K5NLXmguWWcTTUTuHDhEzeuvP3	2HsHTPUncreqfZu1An4fe7uwfU6ueWgHsBYUcUsB7aU5	-0.041652866	-0.041652866	17.928404811	S2	2	D1	0.5	Q2	0.5	Q2	LATE	E_TOKEN_SPECIALIST
2W14ahXD3XBfWJchQ4K5NLXmguWWcTTUTuHDhEzeuvP3	2T67ZcMKDHg8bdCdZs7yHXQhevYctBrTCfgtL7vUpump	-0.545740531	-0.545740531	17.928404811	S2	9	D3	0.5555555555555556	Q2	0.4444444444444444	Q2	LATE	C_ELITE_SWARM
2W14ahXD3XBfWJchQ4K5NLXmguWWcTTUTuHDhEzeuvP3	2T9GCxJZoKFBiJXRGB65d1esSVhkJrYVzfwR1MiUpump	-0.769048422	-0.769048422	17.928404811	S2	2	D1	0.5	Q2	0.0	Q0	EARLY	H_OTHER
2W14ahXD3XBfWJchQ4K5NLXmguWWcTTUTuHDhEzeuvP3	2V8bP6YFPPGCs7smswrzxuVjHgRF7JVFbbUWSDUupump	1.571054426	1.571054426	17.928404811	S2	1	D1	0.0	Q0	1.0	Q3	EARLY	E_TOKEN_SPECIALIST
2W14ahXD3XBfWJchQ4K5NLXmguWWcTTUTuHDhEzeuvP3	2fCSQK91zHB4iUsph26MscjVMMK2tcDAJL1NsBTvpump	-0.601976229	-0.601976229	17.928404811	S2	3	D2	1.0	Q3	0.3333333333333333	Q2	LATE	E_TOKEN_SPECIALIST
2W14ahXD3XBfWJchQ4K5NLXmguWWcTTUTuHDhEzeuvP3	2kAQZe2568kfpUQfVHzBUKVdPfSGS7pNRfewjbaSpump	0.049205364	0.049205364	17.928404811	S2	2	D1	0.5	Q2	0.5	Q2	EARLY	E_TOKEN_SPECIALIST
2W14ahXD3XBfWJchQ4K5NLXmguWWcTTUTuHDhEzeuvP3	2stHY2qw6Cjk7m1gs6GSJDXPZoojkvLzqYKBtSxjpump	-0.125582254	-0.125582254	17.928404811	S2	0	D0	0.0	Q0	0.0	Q0	EARLY	H_OTHER
2W14ahXD3XBfWJchQ4K5NLXmguWWcTTUTuHDhEzeuvP3	2tfmPcAd8wKBZZHZCahckv2agEosqp2fYNiwrVtrpump	-0.023260498	-0.023260498	17.928404811	S2	0	D0	0.0	Q0	0.0	Q0	EARLY	H_OTHER
2W14ahXD3XBfWJchQ4K5NLXmguWWcTTUTuHDhEzeuvP3	2xaLrqLAkCySdAXMoF7UZK85GXFqNk7ZdYpXYwoYCnaB	-0.271195412	-0.271195412	17.928404811	S2	3	D2	1.0	Q3	0.6666666666666666	Q3	EARLY	E_TOKEN_SPECIALIST
2W14ahXD3XBfWJchQ4K5NLXmguWWcTTUTuHDhEzeuvP3	32RjowDdJ5L7zfxzaeeREdFgnGNXvcq6Vo3aqgDPpump	-0.047409812	-0.047409812	17.928404811	S2	0	D0	0.0	Q0	0.0	Q0	EARLY	H_OTHER
2W14ahXD3XBfWJchQ4K5NLXmguWWcTTUTuHDhEzeuvP3	3MLN5K575i5WYu8fPmtdpbdrZ4a9bqF9bCjxnRJtpump	-0.046342364	-0.046342364	17.928404811	S2	0	D0	0.0	Q0	0.0	Q0	EARLY	H_OTHER
2W14ahXD3XBfWJchQ4K5NLXmguWWcTTUTuHDhEzeuvP3	3TBxpBVreqQLHvTSDGtBgog8mYgnAoMpFcdHyEC8BAGS	1.714544061	1.714544061	17.928404811	S2	0	D0	0.0	Q0	0.0	Q0	EARLY	H_OTHER
2W14ahXD3XBfWJchQ4K5NLXmguWWcTTUTuHDhEzeuvP3	3UnUmoH5tBLbE1T1tXBMbiwpWxauoVprP9583P8Spump	1.012946269	1.012946269	17.928404811	S2	7	D2	0.5714285714285714	Q2	0.5714285714285714	Q2	EARLY	E_TOKEN_SPECIALIST
2W14ahXD3XBfWJchQ4K5NLXmguWWcTTUTuHDhEzeuvP3	3WbCczdaVH3Wfpmb6Z4ZQ9Sb13mFcmfmzFBfryGYpump	0.005544614	0.005544614	17.928404811	S2	0	D0	0.0	Q0	0.0	Q0	EARLY	H_OTHER
2W14ahXD3XBfWJchQ4K5NLXmguWWcTTUTuHDhEzeuvP3	3eN2ed3XS1hKdYw9TvapJnWTUo1QdV4gHm9Axvfopump	-0.075711258	-0.075711258	17.928404811	S2	0	D0	0.0	Q0	0.0	Q0	EARLY	H_OTHER
2W14ahXD3XBfWJchQ4K5NLXmguWWcTTUTuHDhEzeuvP3	3fHaBv3F9Q8RhuXUHR9PdkvM6YGaNBkDe7vFnAet3C4k	-0.441822302	-0.441822302	17.928404811	S2	1	D1	1.0	Q3	1.0	Q3	EARLY	E_TOKEN_SPECIALIST
2W14ahXD3XBfWJchQ4K5NLXmguWWcTTUTuHDhEzeuvP3	3h8w3RLumzDUL4uJvtPiBXPa43PNASEtbaZJbMRLpump	-0.007881508	-0.007881508	17.928404811	S2	1	D1	0.0	Q0	0.0	Q0	EARLY	H_OTHER
2W14ahXD3XBfWJchQ4K5NLXmguWWcTTUTuHDhEzeuvP3	3kMEsQmDW9Au3NHsT4L8YsCMuvxL4kWvjpLjaw1upump	0.004436548	0.004436548	17.928404811	S2	1	D1	0.0	Q0	1.0	Q3	EARLY	E_TOKEN_SPECIALIST
2W14ahXD3XBfWJchQ4K5NLXmguWWcTTUTuHDhEzeuvP3	3mHSPdALGuojNjfVsRnwd8Vcpxn2x1K2uaDHW9Cebonk	-0.062451197	-0.062451197	17.928404811	S2	0	D0	0.0	Q0	0.0	Q0	EARLY	H_OTHER
2W14ahXD3XBfWJchQ4K5NLXmguWWcTTUTuHDhEzeuvP3	3mnZX5j8XHZs244GXQG2cXTaEKrvsRgBRPhtJdAupump	-0.059184998	-0.059184998	17.928404811	S2	2	D1	0.0	Q0	0.5	Q2	LATE	E_TOKEN_SPECIALIST
2W14ahXD3XBfWJchQ4K5NLXmguWWcTTUTuHDhEzeuvP3	3yUDAwuDciAeWKc3eJbvt2ktCh5e3qetXTjGTyEjpump	-1.118208785	-1.118208785	17.928404811	S2	7	D2	0.5714285714285714	Q2	0.5714285714285714	Q2	LATE	E_TOKEN_SPECIALIST
2W14ahXD3XBfWJchQ4K5NLXmguWWcTTUTuHDhEzeuvP3	3zb2uCmL9HMSHA6hqQCheYYZE1YHtYoXUcbqFxqapump	-3.211845827	-3.211845827	17.928404811	S2	6	D2	0.0	Q0	0.3333333333333333	Q2	EARLY	E_TOKEN_SPECIALIST
2W14ahXD3XBfWJchQ4K5NLXmguWWcTTUTuHDhEzeuvP3	3ziF14YPweB9EGfQ6kXjHHDPEJAmPcgoUUBCEZ7Upump	-0.142519393	-0.142519393	17.928404811	S2	0	D0	0.0	Q0	0.0	Q0	EARLY	H_OTHER
2W14ahXD3XBfWJchQ4K5NLXmguWWcTTUTuHDhEzeuvP3	41jGGWmPUwAKYZiHxsDaCMbSdiM6zRMtwjZecawwpump	-0.247679199	-0.247679199	17.928404811	S2	1	D1	1.0	Q3	0.0	Q0	EARLY	H_OTHER
2W14ahXD3XBfWJchQ4K5NLXmguWWcTTUTuHDhEzeuvP3	46TSvFf9qh3hyNirxfdJEdSJtGutYgaUzXYatCdJpump	-0.490233453	-0.490233453	17.928404811	S2	1	D1	1.0	Q3	1.0	Q3	EARLY	E_TOKEN_SPECIALIST
2W14ahXD3XBfWJchQ4K5NLXmguWWcTTUTuHDhEzeuvP3	48gEsN9PaDLnoufi8pK17PodheE9DMdfTfp1f6Rxpump	-0.089943034	-0.089943034	17.928404811	S2	1	D1	0.0	Q0	0.0	Q0	LATE	H_OTHER
2W14ahXD3XBfWJchQ4K5NLXmguWWcTTUTuHDhEzeuvP3	4AGGZcXfRZTX88xeAJS3EXJdycqKuKUsei8UkRV7pump	-1.808498717	-1.808498717	17.928404811	S2	5	D2	0.6	Q2	0.0	Q0	LATE	H_OTHER
2W14ahXD3XBfWJchQ4K5NLXmguWWcTTUTuHDhEzeuvP3	4GRZTiFhk2gkoevfhQBQYCPNuJBiAkFEsq5ADYZTpump	0.146321441	0.146321441	17.928404811	S2	0	D0	0.0	Q0	0.0	Q0	EARLY	H_OTHER
2W14ahXD3XBfWJchQ4K5NLXmguWWcTTUTuHDhEzeuvP3	4JCqT37v5ysXGLdGir4VTeqCMraFm6ofwYRSCyejpump	-0.037597504	-0.037597504	17.928404811	S2	0	D0	0.0	Q0	0.0	Q0	LATE	H_OTHER
2W14ahXD3XBfWJchQ4K5NLXmguWWcTTUTuHDhEzeuvP3	4JTzAUuLFjS6jktQQawGdyYLs4CYrMtFd7sFKgHxpump	-0.61298421	-0.61298421	17.928404811	S2	4	D2	0.25	Q1	0.25	Q1	LATE	H_OTHER
2W14ahXD3XBfWJchQ4K5NLXmguWWcTTUTuHDhEzeuvP3	4QaTGGGaDsukKyjxyFQMXBsAKV7yjWC872cDwZinpump	0.013115443	0.013115443	17.928404811	S2	1	D1	0.0	Q0	1.0	Q3	EARLY	E_TOKEN_SPECIALIST
