{
  "inspection_timestamp": 1770140918,
  "database": "masterwalletsdb.db",
  "transfers": {
    "buildable": "PARTIAL",
    "reason": "Only inflow viable (source_owner never matches scan_wallet but destination owner or to_addr available)",
    "total_rows": 263884,
    "match_rates": {
      "scan_wallet_eq_from_addr": 0,
      "scan_wallet_eq_to_addr": 158984,
      "scan_wallet_eq_source_owner": 0,
      "scan_wallet_eq_authority": 164866
    }
  },
  "swaps": {
    "buildable": "YES",
    "reason": "All windows have qualifying rows: 319,343 total across 3 windows",
    "total_rows": 319343,
    "qualifying_pct": 100.0
  }
}