{
  "code_sha256": "c16ec71531bd356af8f528e9456604587cc4106686a1ff7a6167bd5fc6a9943f",
  "created_at_utc_used": 1769745193,
  "db": "masterwalletsdb.db",
  "digest": "1505b3e9f1661fa5e753ebfea9c0fc6a31fba1abb167bfc0eaba92a0d0ee4784",
  "duplicates_skipped_triplet": 0,
  "membership_stats": {
    "24h": {
      "max": 3,
      "min": 1
    },
    "7d": {
      "max": 2,
      "min": 1
    },
    "lifetime": {
      "max": 2,
      "min": 1
    }
  },
  "rowcount": 21939,
  "run_id": "45df305b-e296-4988-ae93-771e615080d8",
  "started_at": "2026-02-04T17:41:14.964075+00:00",
  "top_clusters": [
    {
      "cluster_id": 405214160,
      "member_count": 2184
    },
    {
      "cluster_id": 1276528447,
      "member_count": 2184
    },
    {
      "cluster_id": 1962905123,
      "member_count": 2184
    },
    {
      "cluster_id": 1239024237,
      "member_count": 432
    },
    {
      "cluster_id": 2866431086,
      "member_count": 432
    }
  ],
  "window_counts": {
    "24h": 3222,
    "7d": 9352,
    "lifetime": 9365
  }
}
