TYPE	WALLET	WINDOW	EVENT_TYPE	EVENT_TIME	FLOW_REF	BASE_AMOUNT	RECOMP_AMOUNT	BASE_COUNT	RECOMP_COUNT
MISSING	215nhcAHjQQGgwpQSJQ7zR26etbjjtVdW74NLzwEgQjP	24h	WHALE_CUM_24H_BUY	1769627635	5xUQhSNgruTwDAFUSZ8jxyhy2VfVnVdSoKha7WAXN5kLXM5sdpdVBYXuxqM2DjwWkRjA9bq3Sz7BhJcxkqGBuz2d	179266245233		20	
MISSING	215nhcAHjQQGgwpQSJQ7zR26etbjjtVdW74NLzwEgQjP	24h	WHALE_CUM_24H_BUY	1769628111	5yBD6Yqykk7TrhwySNANUoA8AF1hPZejPm6Q7g91U1xNnX2z769m31MeN6bepfnmCTDVPBPGysXyWvQe4h8XP2fR	194446250233		21	
MISSING	215nhcAHjQQGgwpQSJQ7zR26etbjjtVdW74NLzwEgQjP	24h	WHALE_CUM_24H_BUY	1769628896	27tyRNRsbBL6nPjB43hY3TTnNZu8JpXEA49aCLqHt5ipkPM2vvzraAd2wYkJkFrZXukFJjD9DDT4Rf8cs981vXEp	199508513263		22	
MISSING	215nhcAHjQQGgwpQSJQ7zR26etbjjtVdW74NLzwEgQjP	24h	WHALE_CUM_24H_BUY	1769629640	2wZD1WCKGvFzxRwJ37vw4rRvCGpmVDUVCr7ySntMKwcgGJjh3Z44mrWomYn6vGyq2DgASyk5qTGWhUpLw3pt3m36	201541279843		23	
MISSING	215nhcAHjQQGgwpQSJQ7zR26etbjjtVdW74NLzwEgQjP	24h	WHALE_CUM_24H_BUY	1769629835	2ec7pZFzwyz4egJdqkAgGv9ovnpsCaiBb3uuzbBLGg3km7dWV5TjePgEm87WLg6f5tzEEyrE8N5TiJSqJYxzgmRS	209634358923		24	
MISSING	215nhcAHjQQGgwpQSJQ7zR26etbjjtVdW74NLzwEgQjP	24h	WHALE_CUM_24H_BUY	1769630459	59crYpn4dVubeQ71gZWpR9nkf15qagWjQRJmibXpSJaVPdppVJgjpZN4dB3RoWVoVQzmEzDSbs5GhqoP6cz1gTLP	214684358923		24	
MISSING	215nhcAHjQQGgwpQSJQ7zR26etbjjtVdW74NLzwEgQjP	24h	WHALE_CUM_24H_BUY	1769630883	3y9cWRk7yGQwby7nGBLHsvKe9F1Q4KWjWJh7RqPSwufagxmXkUjM1yzwSCKaKPi3HTSRH5B34qroudu8eLaXZNQR	219745363923		25	
MISSING	215nhcAHjQQGgwpQSJQ7zR26etbjjtVdW74NLzwEgQjP	24h	WHALE_CUM_24H_BUY	1769631210	2dQJRKNFjvqwAmjR6AjirNBwpNLgdU11BzwzHbFDYaH5vfipqfyJkDRrUKgQPi31J2bZm7N1izh3Gt4okg3FL8b6	241997443003		26	
MISSING	215nhcAHjQQGgwpQSJQ7zR26etbjjtVdW74NLzwEgQjP	24h	WHALE_CUM_24H_BUY	1769631526	5HqfmgJ9Sx3FXYGdyfqr1xnzvU64G1R5gFxZuYECAC71qn8c7m4pAeJteS2zToqmdTcGyQusD6buxEFsNLb7Ut8r	248070522083		27	
MISSING	215nhcAHjQQGgwpQSJQ7zR26etbjjtVdW74NLzwEgQjP	24h	WHALE_CUM_24H_BUY	1769631824	823L5FGZAogAnRMVp5UiSUkih1qERUSjhJbZ5h1LsePaw5VSRqyxXEnJe4CLroA4usTdzAHguayoBA69gs2uwwC	255172566363		28	
MISSING	215nhcAHjQQGgwpQSJQ7zR26etbjjtVdW74NLzwEgQjP	24h	WHALE_CUM_24H_BUY	1769632000	2B7Q61qtVTWmeiQ7CZTyCVBhy3Bh48o7A6Avct3ZKPWijVfRHHgGcUMyUMu67BUFyih1Vbi64m9ZMM11maCp8Wpi	280452571363		29	
MISSING	215nhcAHjQQGgwpQSJQ7zR26etbjjtVdW74NLzwEgQjP	24h	WHALE_CUM_24H_BUY	1769634535	4DKKQEMb8344m21BABJeRXNaZJz1zy76vHC1daDnVtTigQNtod6XkwPVPtenmWRGvJBiMcyTzMggLYVuxRKELCJN	320835645443		29	
MISSING	215nhcAHjQQGgwpQSJQ7zR26etbjjtVdW74NLzwEgQjP	24h	WHALE_CUM_24H_BUY	1769634651	xyeRbwN6iRcnyPhnrFrzc5hpC29iLHxiuDd8fyoAqjidif6PSLrCGsu6hCYtaZkpEcQkAi4v8np8nqvhsRfuidT	350155650443		30	
MISSING	215nhcAHjQQGgwpQSJQ7zR26etbjjtVdW74NLzwEgQjP	24h	WHALE_CUM_24H_BUY	1769639235	gvx96APEVGG7ey5Fc5TJv1Pb7oV3H7rLCBCnHsUeDT7U8x4Eu2kKE2DFGraQZVKSXieRSno2LDZkE35qrHBCzLV	342002705750		28	
MISSING	215nhcAHjQQGgwpQSJQ7zR26etbjjtVdW74NLzwEgQjP	24h	WHALE_CUM_24H_BUY	1769639241	2gEQ6zQeyG2iJuHTzL9sQZ8t56UB5T4mX57XzpAesvh3oYSTrPgFgrzL1vdgmZZhfg4kELJo5vwGzusr4LiWpmNE	350093710750		29	
MISSING	215nhcAHjQQGgwpQSJQ7zR26etbjjtVdW74NLzwEgQjP	24h	WHALE_CUM_24H_BUY	1769641861	DEAuSMUVuWcXFhnNok5EBNckfq7GnjfgiaXEANHhg6gGnEWpTzxSyg628CK7Hj8usjsWF95HMcTwLbepQruNDJK	361216755030		30	
MISSING	215nhcAHjQQGgwpQSJQ7zR26etbjjtVdW74NLzwEgQjP	24h	WHALE_CUM_24H_BUY	1769643490	3fBHrnAbG4w8hZgsCg7YcYBHRPPYu5YtRGx4gztP9GzdUzGAXZT7yUbfmc5odB58G3D9SobsVLxqrz1SsPmoxYAp	366298052860		31	
MISSING	215nhcAHjQQGgwpQSJQ7zR26etbjjtVdW74NLzwEgQjP	24h	WHALE_CUM_24H_BUY	1769644894	45i58k3jsM3v3StwxmGfZFLF5QucWVjNvSKHfqNa6aqrvyYDZp9fXgTdqttRLCnazGQz7R9wCiofNxJeZiFSp8KN	339011092140		31	
MISSING	215nhcAHjQQGgwpQSJQ7zR26etbjjtVdW74NLzwEgQjP	24h	WHALE_CUM_24H_BUY	1769645095	5Pa94HtWoyfxKMcKtWVZBsiAmxR84ZDd6Ec9cBJgu6cLgUL3vYY8FYjA2tpmjTVyDs8NwUpkbgpQ8rFXvWGkTiQp	344093171220		32	
MISSING	215nhcAHjQQGgwpQSJQ7zR26etbjjtVdW74NLzwEgQjP	24h	WHALE_CUM_24H_BUY	1769645986	ae1nSijsjY3mLYqR6SKio1bMVwUmKzgynqdivdtEKQzmHjekqpgWH76Hy2f7vu8rC7XCx4QSUUxxVyaW25SKbCe	346124176220		33	
MISSING	215nhcAHjQQGgwpQSJQ7zR26etbjjtVdW74NLzwEgQjP	24h	WHALE_CUM_24H_BUY	1769646878	5wX74oCtXtN8Be2JYQu8D4LoJfjSAYozVDHo31ZPapXi1j9kQ6prqbc4VQRoWPBvvrmfVC89SvCmiHzQb13CLbiE	359267255300		34	
MISSING	215nhcAHjQQGgwpQSJQ7zR26etbjjtVdW74NLzwEgQjP	24h	WHALE_CUM_24H_BUY	1769649358	4YcKDJvDQjpZ7tSDYtbGUvyziSQ2Rpfnu56YdDyfoncPWkr3vpo346ZFXmA4PjHgmv6M44uRX5Z8eUb1v2BjbDe6	360288260300		35	
MISSING	215nhcAHjQQGgwpQSJQ7zR26etbjjtVdW74NLzwEgQjP	24h	WHALE_CUM_24H_BUY	1769652138	4wgApNbC8TJgZViRXo4NXd8BwMHXtp23FB2Cy5oWamZggvzKjRXQrwuAEfoANtcN8Y9C71aYpAKxD2AXzVSEttXZ	375470339380		36	
MISSING	215nhcAHjQQGgwpQSJQ7zR26etbjjtVdW74NLzwEgQjP	24h	WHALE_CUM_24H_BUY	1769652277	2J4RS7kVktT4AxSSfJeZ2CvAPQ4mj2WeU6XEe5oB94Pk5q56c5kc7XxTYjv2LZW5VjipD1YtKGQdAENfTb3cHme8	390631344380		37	
MISSING	215nhcAHjQQGgwpQSJQ7zR26etbjjtVdW74NLzwEgQjP	24h	WHALE_CUM_24H_BUY	1769654148	5PJFeG5ndGo1Y3pCLYyCA4WxyRWhadR63i6wqLZ9YC57n4fMv8s75Bco33taVvrjZDQSJLFcmdgu8V4aFrJgg3Qd	405813423460		38	
MISSING	215nhcAHjQQGgwpQSJQ7zR26etbjjtVdW74NLzwEgQjP	24h	WHALE_CUM_24H_BUY	1769656767	5UZe9UXe27KwDKCKXXffEXNTzsEp8Kbcv98jfdgs94ZWbkVkfJUpbSfCGCd3LVKYyb56Mh731GijAvsRVYoFoSz5	414823351392		34	
MISSING	215nhcAHjQQGgwpQSJQ7zR26etbjjtVdW74NLzwEgQjP	24h	WHALE_CUM_24H_BUY	1769660702	52n3NX46MSQpyBS9zRiZ2GPPXkUuEBhu12rpts2B4Ny14UFyDqajP3JmsaDoBKbxrM5hoGsN2BMxKfsFdnHMJeaz	415844356392		35	
MISSING	215nhcAHjQQGgwpQSJQ7zR26etbjjtVdW74NLzwEgQjP	24h	WHALE_CUM_24H_BUY	1769665299	22EmDKbNiyJ8UUTcJRkynGJGa6xz1HbfoNC7qiLhwoQ1WqBqaPakJ5f5oAEwwj5Uw4Ky9sXBqvE1WA5gZwJxXLzm	425957435472		36	
MISSING	215nhcAHjQQGgwpQSJQ7zR26etbjjtVdW74NLzwEgQjP	24h	WHALE_CUM_24H_BUY	1769665461	JdTEZJdrtTgdH3RRCeqWs3k4vo7uqHqVEdksrB3TmBNeDz6aYN2hJuSB37RLyPCDqz8jfW6Wj3s58tA3W8NyfJn	426978440472		37	
MISSING	215nhcAHjQQGgwpQSJQ7zR26etbjjtVdW74NLzwEgQjP	24h	WHALE_CUM_24H_BUY	1769669748	5D7JCdRUKjRX6KA1rXZ6Fje8sd7DbZpbtP5LiqHYeLdxayVMdRF8GCizrgSR4B7ebn94kWMdnqKfAn8v3F4XBRXH	445160827052		37	
MISSING	215nhcAHjQQGgwpQSJQ7zR26etbjjtVdW74NLzwEgQjP	24h	WHALE_CUM_24H_BUY	1769698022	f7GMc1oBRTHVZhmf45D7o7hLmcvsCenVXquWQXpK2EAMyVc4vaUJhzb4c3cfC69aJebg8jLLp2bgbGyDBc1NbGp	447212871332		38	
MISSING	215nhcAHjQQGgwpQSJQ7zR26etbjjtVdW74NLzwEgQjP	24h	WHALE_CUM_24H_BUY	1769698870	41zNnL616j3PbRkJnrsU7RzY8LX5Htp73TDPYMVQTSQRvr3phB4VmPjxppmZBdDyxMNVkVhGduQkmCKGqVzzae3G	464395950412		39	
MISSING	215nhcAHjQQGgwpQSJQ7zR26etbjjtVdW74NLzwEgQjP	24h	WHALE_CUM_24H_BUY	1769699259	5QZaTDaWrbbXaBzECENQwmCfP9RmHcfNfJCBLb53WgBUwYdvMNdE4bQa8J5xe832xWmhBvLJzJYcCjMek4r5foBx	469478029492		40	
MISSING	215nhcAHjQQGgwpQSJQ7zR26etbjjtVdW74NLzwEgQjP	24h	WHALE_CUM_24H_BUY	1769699347	3sF8f2BRe1p3QGNVGJE8ZC58JsdJ1WNhMASaCpn67PgXXWRchwyobhyj6tZcj5qA6zcQCDkVJ8FU1buUmRDphXKB	471528034492		41	
MISSING	215nhcAHjQQGgwpQSJQ7zR26etbjjtVdW74NLzwEgQjP	24h	WHALE_CUM_24H_BUY	1769707342	xY9MvtAyAtbTYtcRXfR5SVjExBwdzecCC92asXXQATBBNjsMrVkCm6tgvr9bWiEi1H53gSzaTWZ4acCcyLrkReb	445220837052		39	
MISSING	215nhcAHjQQGgwpQSJQ7zR26etbjjtVdW74NLzwEgQjP	24h	WHALE_CUM_24H_BUY	1769708637	5dBs3GdcoWW6qmjX5XsrNqvU96KwDkAtmVQ7DUzibUm7kmBxG1Xx2k9r6RxYVpbr7aPtJMnoDn7Tor1dxjoUiF8	443200837052		39	
MISSING	215nhcAHjQQGgwpQSJQ7zR26etbjjtVdW74NLzwEgQjP	24h	WHALE_CUM_24H_BUY	1769710986	5i5Tv1sW5tfymFEkUKKoPVhczEPCzaAWwT9n74NVAyPMaydPiAh6zMgbLvVdYSMqWofMYFV3eBVMdL6kghPXjyit	444240842052		40	
MISSING	215nhcAHjQQGgwpQSJQ7zR26etbjjtVdW74NLzwEgQjP	24h	WHALE_CUM_24H_BUY	1769712038	4e7n4oSrs93bKkeYbf6BfRjExHCdF26nn1CugDeQQmeivaGJETe2SrDyMFTxJZe5fpnETkWJXeKX7DsWN6svpeF4	454372921132		41	
MISSING	215nhcAHjQQGgwpQSJQ7zR26etbjjtVdW74NLzwEgQjP	24h	WHALE_CUM_24H_BUY	1769715432	55QUJtqxfR4xoWLfbiFWtRH9xHqnMmJjiKjW1upHuctL4N4niDxLsKtq58Yrv8uHBTcTLHcQB8j3S1VX6Tx1wJpp	402781450662		36	
MISSING	215nhcAHjQQGgwpQSJQ7zR26etbjjtVdW74NLzwEgQjP	24h	WHALE_CUM_24H_BUY	1769715434	63JcSmWFkZsubN77R88Lg1hC5xanob4VPrFQhZod8R4Wkiphinuip413U4iZkwPWfu5Y6pKj7PSWzD7j58pWTqUh	407861455662		37	
MISSING	215nhcAHjQQGgwpQSJQ7zR26etbjjtVdW74NLzwEgQjP	24h	WHALE_CUM_24H_BUY	1769715436	3BABtHLz89wxkxDr393mb8hDLupTdYpXq4YMaoxTyf8C3mVg2vv5nka2wdXYiesZPWQ9Zp8QB39jqJRjk8bJbcAv	408882460662		38	
MISSING	215nhcAHjQQGgwpQSJQ7zR26etbjjtVdW74NLzwEgQjP	24h	WHALE_CUM_24H_BUY	1769717348	3XiQK3mpg4XMnKnrb7nYntNGHQRaHACC1XeQrj2DUiU8LmeEWAt8EzU4YFaNc6gaVMjqG4GKuaDLP644whtBJQH7	383594828752		35	
MISSING	215nhcAHjQQGgwpQSJQ7zR26etbjjtVdW74NLzwEgQjP	24h	WHALE_CUM_24H_BUY	1769719371	wixb4xoEbhFkK5f2fuZyS7Xz9Extj35B5cZVhZqAFgyGPUaJgf7DCGLjLCuMN97BMrBcxDuHYNYdD2CMp1TwFri	322887701306		32	
MISSING	215nhcAHjQQGgwpQSJQ7zR26etbjjtVdW74NLzwEgQjP	24h	WHALE_CUM_24H_BUY	1769719556	DBCuvYW8G3Hrwf1tf9vT4L8K1zwkpiD6G99dPSk1rzfGR91bAdirGLHb4SPJSg1nuZZ1ZvXrbEufaxFRoUPpft3	332888311451		33	
MISSING	215nhcAHjQQGgwpQSJQ7zR26etbjjtVdW74NLzwEgQjP	24h	WHALE_CUM_24H_BUY	1769719578	BwrNo4Ta9BxMkL9ch1nbdYnjr1JR4JA28TYg2ZK4C8fB1REAXp6LEtZCwzPGoqkGMmdjR7xYfHbySQoGA6MYbQM	332888391445		34	
MISSING	215nhcAHjQQGgwpQSJQ7zR26etbjjtVdW74NLzwEgQjP	24h	WHALE_CUM_24H_BUY	1769720465	2Ugc4DXb8Y8GAmxPLD4XCZHyRZ8tygL4zC9YURDQ4nQiwmU8EUxopc7hpGzHyewG5eCZWB7a6dH6b8F3AetRCfpy	358151470525		35	
MISSING	215nhcAHjQQGgwpQSJQ7zR26etbjjtVdW74NLzwEgQjP	24h	WHALE_CUM_24H_BUY	1769720467	QPrdU3V58qPESj8JR96vdfMmxwXXcpMDdXwsCAe79q1cAgap9faJPTwUbj9GhHZioicaGAbBZBiRFv4A7dG1soV	383412475525		36	
MISSING	215nhcAHjQQGgwpQSJQ7zR26etbjjtVdW74NLzwEgQjP	24h	WHALE_CUM_24H_BUY	1769720879	gVYrWhSAnZv85g5SrQE5SgjG6drXteAkRZSkw3H6Jo3XFyNDyDDGGVuLzfu7vQDCns8boSb1jN93NLDSofG9UL2	408673480525		37	
MISSING	215nhcAHjQQGgwpQSJQ7zR26etbjjtVdW74NLzwEgQjP	24h	WHALE_CUM_24H_BUY	1769720883	5Xq6p5BNfnUrgSL4xCRu5Qyeion7h6661XsXmYtMQT3K6tz1e9E6aNQuhPDWe7mGYBEpJJSi1RYJ7reydSBAy5fF	433953485525		38	
MISSING	215nhcAHjQQGgwpQSJQ7zR26etbjjtVdW74NLzwEgQjP	24h	WHALE_CUM_24H_BUY	1769724503	HR1WjKWBX2cgB9wa1h8rcPHjcAtTrdw69kGFnjiBEpba1FByMk39H46zD3k7qur8qQ2ssquTdBqD9AgQscRVq3J	359183480525		37	
